AUN,SchoolNumber,DistrictName,SchoolName,SchoolType,GradeSpan_2025-26,PctBlackHispanic_2025-26,PctLowIncome_2025-26,ExcludedSelectionCriteria,PSSA Reading — N Scored_2025,PSSA Reading — PctProficient_2025,PSSA Reading — Predicted,PSSA Reading — Residual,PSSA Reading — Band,PSSA Math — N Scored_2025,PSSA Math — PctProficient_2025,PSSA Math — Predicted,PSSA Math — Residual,PSSA Math — Band,Keystone Algebra I — N Scored_2025,Keystone Algebra I — PctProficient_2025,Keystone Algebra I — Predicted,Keystone Algebra I — Residual,Keystone Algebra I — Band,Keystone Biology — N Scored_2025,Keystone Biology — PctProficient_2025,Keystone Biology — Predicted,Keystone Biology — Residual,Keystone Biology — Band,Keystone Literature — N Scored_2025,Keystone Literature — PctProficient_2025,Keystone Literature — Predicted,Keystone Literature — Residual,Keystone Literature — Band,Simple Avg Residual,Enrollment-Weighted Avg Residual,Above Line Count,Within 5 Count,Below Line Count,Tests With Data,Current Enrollment (SY 2025-26),Authorized Enrollment Cap (SY 2025-26),Unused Seats,Fill Tier,EAPI Tier
126510015,7825,AD PRIMA CS,AD PRIMA CS,Charter,K-8,95.94,92.74,FALSE,377,37.4,17.39325055,20.00674945,Above Line (5+),378,20.4,8.6361149,11.7638851,Above Line (5+),,,,,,,,,,,,,,,,15.9,15.9,2,0,0,2,617,700,83,Fill-B,EAPI-A
126512990,7543,ALLIANCE FOR PROGRESS CS,ALLIANCE FOR PROGRESS CS,Charter,K-8,97.41,92.7,FALSE,378,9.5,17.42510498,-7.925104985,Below Line (5+),379,4.7,8.6678429,-3.9678429,Within 5 pts,,,,,,,,,,,,,,,,-5.9,-5.9,0,1,1,2,616,571,-45,,EAPI-C
104510394,8031,ANTONIA PANTOJA COMMUNITY CS,ANTONIA PANTOJA COMMUNITY CS,Charter,K-8,93.83,80,FALSE,429,31.9,27.53888748,4.361112515,Within 5 pts,423,15.4,18.7414829,-3.341482901,Within 5 pts,,,,,,,,,,,,,,,,0.5,0.5,0,2,0,2,746,750,4,Expand-B,EAPI-B
181519176,8148,ASPIRA BILINGUAL CYBER CS,ASPIRA BILINGUAL CYBER CS,Charter,,,82.04,FALSE,274,5.5,25.9143114,-20.4143114,Below Line (5+),270,0.7,17.1233549,-16.4233549,Below Line (5+),102,2,14.19007182,-12.19007182,Below Line (5+),93,0,18.4220592,-18.4220592,Below Line (5+),101,5.9,36.39045667,-30.49045667,Below Line (5+),-19.6,-19.1,0,0,5,5,,,,,EAPI-C
126510010,7750,BELMONT CS,BELMONT CS,Charter,K-12,96.55,78.81,FALSE,405,17.3,28.48655687,-11.18655687,Below Line (5+),410,6.8,19.6853909,-12.8853909,Below Line (5+),62,1.6,15.32656461,-13.72656461,Below Line (5+),60,8.3,19.52069837,-11.22069837,Below Line (5+),62,17.7,37.73765194,-20.03765194,Below Line (5+),-13.8,-12.6,0,0,5,5,928,1280,352,Fill-A,EAPI-C
185515523,7981,BOYS LATIN OF PHILADELPHIA CS,BOYS LATIN OF PHILADELPHIA CS,Charter,6-12,93.62,65.51,FALSE,273,23.8,39.07815586,-15.27815586,Below Line (5+),275,7.3,30.2349509,-22.9349509,Below Line (5+),94,18.1,20.00624082,-1.90624082,Within 5 pts,94,13.8,24.0445067,-10.2445067,Below Line (5+),94,37.2,43.28492658,-6.084926585,Below Line (5+),-11.3,-14.7,0,1,4,5,768,800,32,Fill-C,EAPI-C
126513160,7575,CHRISTOPHER COLUMBUS CS,CHRISTOPHER COLUMBUS CS,Charter,K-8,29.38,60.31,FALSE,543,60.8,43.21923216,17.58076784,Above Line (5+),543,44.4,34.3595909,10.0404091,Above Line (5+),,,,,,,,,,,,,,,,13.8,13.8,2,0,0,2,817,900,83,Fill-B,EAPI-A
126512840,7510,COMMUNITY ACADEMY OF PHILADELPHIA CS,COMMUNITY ACADEMY OF PHILADELPHIA CS,Charter,K-12,92.56,91.14,FALSE,439,28.2,18.66742787,9.532572125,Above Line (5+),440,10.5,9.905234901,0.5947650995,Within 5 pts,114,26.3,10.9881881,15.3118119,Above Line (5+),113,37.2,15.32682192,21.87317808,Above Line (5+),113,50.4,32.59495297,17.80504703,Above Line (5+),13,8.8,4,1,0,5,1251,1220,-31,Expand-A,EAPI-A
126516724,8425,DEEP ROOTS CS,DEEP ROOTS CS,Charter,K-6,75.51,90.74,FALSE,175,17.7,18.98597221,-1.285972205,Within 5 pts,180,7.2,10.2225149,-3.022514901,Within 5 pts,,,,,,,,,,,,,,,,-2.2,-2.2,0,2,0,2,343,540,197,Fill-A,EAPI-B
126510011,7775,DISCOVERY CS,DISCOVERY CS,Charter,K-8,95.79,77.86,FALSE,413,24,29.24309965,-5.243099654,Below Line (5+),408,10.3,20.4389309,-10.1389309,Below Line (5+),,,,,,,,,,,,,,,,-7.7,-7.7,0,0,2,2,641,620,-21,,EAPI-C
126513440,7665,ESPERANZA ACADEMY CS,ESPERANZA ACADEMY CS,Charter,K-12,96.44,86.82,FALSE,720,23.9,22.10770665,1.792293354,Within 5 pts,716,5.2,13.3318589,-8.131858901,Below Line (5+),171,30.4,12.50820323,17.89179677,Above Line (5+),170,29.4,16.79620929,12.60379071,Above Line (5+),171,48.5,34.39677451,14.10322549,Above Line (5+),7.7,1.6,3,1,1,5,2246,2235,-11,Expand-A,EAPI-A
126511563,8216,ESPERANZA CYBER CS,ESPERANZA CYBER CS,Charter,,,98.07,FALSE,223,8.5,13.14864735,-4.648647345,Within 5 pts,228,2.6,4.4083589,-1.8083589,Within 5 pts,140,5.7,8.5498305,-2.8498305,Within 5 pts,135,11.9,12.96967969,-1.069679687,Within 5 pts,136,19.1,29.70453092,-10.60453092,Below Line (5+),-4.2,-4,0,4,1,5,,,,,EAPI-B
126513100,7564,EUGENIO MARIA DE HOSTOS CS,EUGENIO MARIA DE HOSTOS CS,Charter,K-8,91.82,76.47,FALSE,322,34.5,30.3500412,4.149958797,Within 5 pts,322,27,21.5414789,5.458521099,Above Line (5+),,,,,,,,,,,,,,,,4.8,4.8,1,1,0,2,697,700,3,Expand-B,EAPI-B
100510000,7744,FIRST PHILADELPHIA PREPARATORY CS,FIRST PHILADELPHIA PREPARATORY CS,Charter,K-12,82.13,79.78,FALSE,924,15.8,27.71408687,-11.91408687,Below Line (5+),934,6.2,18.9159869,-12.7159869,Below Line (5+),98,13.3,14.98526492,-1.685264921,Within 5 pts,97,15.5,19.19076648,-3.69076648,Within 5 pts,98,42.9,37.33307627,5.566923728,Above Line (5+),-4.9,-10.6,1,2,2,5,1880,1880,0,Expand-B,EAPI-B
126510021,7857,FOLK ARTS-CULTURAL TREASURES CS,FOLK ARTS-CULTURAL TREASURES CS,Charter,K-8,14.28,43.14,FALSE,325,65.5,56.89274756,8.60725244,Above Line (5+),325,62.5,47.9788349,14.5211651,Above Line (5+),,,,,,,,,,,,,,,,11.6,11.6,2,0,0,2,497,847,350,Fill-A,EAPI-A
147513703,8123,FRANKLIN TOWNE CHARTER ELEMENTARY SCHOOL,FRANKLIN TOWNE CHARTER ELEMENTARY SCHOOL,Charter,K-8,20.77,67.67,FALSE,628,46.8,37.35801648,9.441983521,Above Line (5+),629,29.9,28.5216389,1.378361098,Within 5 pts,,,,,,,,,,,,,,,,5.4,5.4,1,1,0,2,958,955,-3,Expand-A,EAPI-A
126513450,7666,FRANKLIN TOWNE CHS,FRANKLIN TOWNE CHS,Charter,9-12,48.4,60.71,FALSE,,,,,,,,,,,319,47.3,21.69514652,25.60485348,Above Line (5+),318,50.3,25.67715933,24.62284067,Above Line (5+),319,70.8,45.28695052,25.51304948,Above Line (5+),25.2,25.2,3,0,0,3,1306,1300,-6,Expand-A,EAPI-A
126518547,8150,FREDERICK DOUGLASS MASTERY CS,FREDERICK DOUGLASS MASTERY CS,Charter,K-8,95.7,99.28,FALSE,308,13.3,12.18505074,1.114949255,Within 5 pts,305,9.2,3.4485869,5.7514131,Above Line (5+),,,,,,,,,,,,,,,,3.4,3.4,1,1,0,2,559,775,216,Fill-A,EAPI-B
126513270,7586,FREIRE CS,FREIRE CS,Charter,5-12,95.62,74.88,FALSE,420,28.8,31.61625492,-2.816254918,Within 5 pts,418,11,22.8026669,-11.8026669,Below Line (5+),89,29.2,16.70935615,12.49064385,Above Line (5+),90,31.1,20.85743271,10.24256729,Above Line (5+),90,61.1,39.37680904,21.72319096,Above Line (5+),6,-1.9,3,1,1,5,1072,1000,-72,Expand-A,EAPI-A
126513380,7639,GLOBAL LEADERSHIP ACADEMY CS,GLOBAL LEADERSHIP ACADEMY CS,Charter,K-8,98.58,73.32,FALSE,454,20.7,32.85857781,-12.15857781,Below Line (5+),453,10.2,24.0400589,-13.8400589,Below Line (5+),,,,,,,,,,,,,,,,-13,-13,0,0,2,2,704,675,-29,,EAPI-C
126518004,8390,GLOBAL LEADERSHIP ACADEMY CS SOUTHWEST AT HUEY,GLOBAL LEADERSHIP ACADEMY CS SOUTHWEST AT HUEY,Charter,K-8,97.55,82.5,FALSE,397,16.1,25.54798542,-9.447985418,Below Line (5+),393,6.6,16.7584829,-10.1584829,Below Line (5+),,,,,,,,,,,,,,,,-9.8,-9.8,0,0,2,2,611,600,-11,,EAPI-C
126510005,7748,GREEN WOODS CS,GREEN WOODS CS,Charter,K-8,34.08,32.29,FALSE,441,61.7,65.53326253,-3.83326253,Within 5 pts,436,48.4,56.5850549,-8.185054904,Below Line (5+),,,,,,,,,,,,,,,,-6,-6,0,1,1,2,716,675,-41,,EAPI-C
126512850,7511,HARAMBEE INSTITUTE OF SCIENCE AND TECHNOLOGY CS,HARAMBEE INSTITUTE OF SCIENCE AND TECHNOLOGY CS,Charter,K-8,98.92,79.41,FALSE,359,40.1,28.00874037,12.09125963,Above Line (5+),359,35.7,19.2094709,16.4905291,Above Line (5+),,,,,,,,,,,,,,,,14.3,14.3,2,0,0,2,555,525,-30,Expand-A,EAPI-A
126512980,7542,IMHOTEP INSTITUTE CHS,IMHOTEP INSTITUTE CHS,Charter,9-12,97.52,79.6,FALSE,,,,,,,,,,,131,3.1,15.04859888,-11.94859888,Below Line (5+),129,4.7,19.25199095,-14.55199095,Below Line (5+),130,30.8,37.40815217,-6.60815217,Below Line (5+),-11,-11,0,0,3,3,604,575,-29,,EAPI-C
126513510,7683,INDEPENDENCE CS,INDEPENDENCE CS,Charter,K-8,63.92,54.65,FALSE,496,47.4,47.72663444,-0.3266344437,Within 5 pts,493,44,38.8491029,5.150897097,Above Line (5+),,,,,,,,,,,,,,,,2.4,2.4,1,1,0,2,815,825,10,Expand-B,EAPI-B
126512039,8361,INDEPENDENCE CS WEST,INDEPENDENCE CS WEST,Charter,K-8,96.88,87.4,FALSE,498,22.7,21.64581737,1.054182633,Within 5 pts,497,11.1,12.8718029,-1.771802901,Within 5 pts,,,,,,,,,,,,,,,,-0.4,-0.4,0,2,0,2,833,900,67,Fill-B,EAPI-B
126513070,7557,INQUIRY CS,INQUIRY CS,Charter,K-5,87.13,63.36,FALSE,121,29.8,40.79033164,-10.99033164,Below Line (5+),122,27.9,31.9403309,-4.040330902,Within 5 pts,,,,,,,,,,,,,,,,-7.5,-7.5,0,1,1,2,272,303,31,Fill-C,EAPI-C
182514568,7979,KEYSTONE ACADEMY CS,KEYSTONE ACADEMY CS,Charter,K-8,67.03,72.3,FALSE,390,47.7,33.67086585,14.02913415,Above Line (5+),390,27.9,24.8491229,3.050877098,Within 5 pts,,,,,,,,,,,,,,,,8.5,8.5,1,1,0,2,649,968,319,Fill-A,EAPI-A
126514864,8358,KIPP DUBOIS CS,KIPP DUBOIS CS,Charter,9-12,94.64,59.64,FALSE,,,,,,,,,,,92,10.9,22.07163175,-11.17163175,Below Line (5+),93,16.1,26.04110481,-9.941104808,Below Line (5+),93,45.2,45.73323502,-0.5332350174,Within 5 pts,-7.2,-7.2,0,1,2,3,504,520,16,,EAPI-C
126514059,8431,KIPP NORTH PHILADELPHIA CS,KIPP NORTH PHILADELPHIA CS,Charter,K-8,97.87,59.04,FALSE,340,12.1,44.23061041,-32.13061041,Below Line (5+),338,4.4,35.3669549,-30.9669549,Below Line (5+),,,,,,,,,,,,,,,,-31.5,-31.6,0,0,2,2,705,860,155,Fill-A,EAPI-C
126510013,7776,KIPP PHILADELPHIA CS,KIPP PHILADELPHIA CS,Charter,K-8,97.04,66.43,FALSE,518,18.5,38.3455039,-19.8455039,Below Line (5+),523,12,29.5052069,-17.5052069,Below Line (5+),,,,,,,,,,,,,,,,-18.7,-18.7,0,0,2,2,845,860,15,,EAPI-C
126515362,8499,KIPP PHILADELPHIA OCTAVIUS CATTO CS,KIPP PHILADELPHIA OCTAVIUS CATTO CS,Charter,K-4,95.38,56.35,FALSE,67,23.9,46.37282104,-22.47282104,Below Line (5+),67,29.9,37.5006629,-7.600662903,Below Line (5+),,,,,,,,,,,,,,,,-15,-15,0,0,2,2,476,400,-76,,EAPI-C
126515492,8477,KIPP WEST PHILADELPHIA CS,KIPP WEST PHILADELPHIA CS,Charter,K-8,98.54,60.7,FALSE,513,21.2,42.90865144,-21.70865144,Below Line (5+),516,8.9,34.0502429,-25.1502429,Below Line (5+),,,,,,,,,,,,,,,,-23.4,-23.4,0,0,2,2,823,860,37,Fill-C,EAPI-C
126513110,7565,LABORATORY CS,LABORATORY CS,Charter,K-8,94.93,86.11,FALSE,291,12,22.67312283,-10.67312283,Below Line (5+),294,3.1,13.8950309,-10.7950309,Below Line (5+),,,,,,,,,,,,,,,,-10.7,-10.7,0,0,2,2,375,1075,700,Fill-A,EAPI-C
126519476,8206,LINDLEY ACADEMY CS AT BIRNEY,LINDLEY ACADEMY CS AT BIRNEY,Charter,K-8,89.46,91.88,FALSE,438,17.1,18.07812086,-0.9781208628,Within 5 pts,438,4.1,9.3182669,-5.2182669,Below Line (5+),,,,,,,,,,,,,,,,-3.1,-3.1,0,1,1,2,721,750,29,Fill-C,EAPI-B
126513480,7672,MARIANA BRACETTI ACADEMY CS,MARIANA BRACETTI ACADEMY CS,Charter,K-12,86.32,82.22,FALSE,724,27.9,25.77096645,2.12903355,Within 5 pts,725,18.2,16.9805789,1.219421099,Within 5 pts,67,44.8,14.12673786,30.67326214,Above Line (5+),67,34.3,18.36083473,15.93916527,Above Line (5+),67,76.1,36.31538077,39.78461923,Above Line (5+),17.9,5,3,2,0,5,1520,1500,-20,Expand-A,EAPI-A
126510014,7777,MARITIME ACADEMY CS,MARITIME ACADEMY CS,Charter,K-12,55.95,88.28,FALSE,440,20.5,20.94501984,-0.4450198392,Within 5 pts,438,13.7,12.1737869,1.526213099,Within 5 pts,49,34.7,11.99449441,22.70550559,Above Line (5+),49,49,16.29961078,32.70038922,Above Line (5+),49,49,33.78782556,15.21217444,Above Line (5+),14.3,3.8,3,2,0,5,833,820,-13,Expand-A,EAPI-A
126513150,7574,MAST COMMUNITY CS,MAST COMMUNITY CS,Charter,K-12,25.37,41.12,FALSE,642,56.1,58.50139643,-2.40139643,Within 5 pts,643,50.1,49.5810989,0.5189010964,Within 5 pts,112,65.2,28.5879929,36.6120071,Above Line (5+),114,56.1,32.34042287,23.75957713,Above Line (5+),114,77.2,53.45771069,23.74228931,Above Line (5+),16.4,5.1,3,2,0,5,1486,1400,-86,Expand-A,EAPI-A
126513117,8360,MAST COMMUNITY CS II,MAST COMMUNITY CS II,Charter,K-12,53.7,54.51,FALSE,956,37.8,47.83812496,-10.03812496,Below Line (5+),956,31.5,38.9601509,-7.460150903,Below Line (5+),97,52.6,23.87664971,28.72335029,Above Line (5+),101,48.5,27.78600231,20.71399769,Above Line (5+),101,79.2,47.87289809,31.32710191,Above Line (5+),12.7,-3.9,3,0,2,5,1903,1900,-3,Expand-A,EAPI-A
126511624,8453,MAST COMMUNITY CS III,MAST COMMUNITY CS III,Charter,K-11,62.2,68.47,FALSE,737,32.6,36.72092782,-4.120927818,Within 5 pts,735,23.4,27.8870789,-4.487078902,Within 5 pts,,,,,,,,,,,,,,,,-4.3,-4.3,0,2,0,2,1328,1300,-28,Expand-B,EAPI-B
126510002,7678,MASTERY CHS-LENFEST CAMPUS,MASTERY CHS-LENFEST CAMPUS,Charter,7-12,93.33,89.21,FALSE,194,38.1,20.20440427,17.89559573,Above Line (5+),199,17.6,11.4361109,6.163889099,Above Line (5+),94,29.8,11.66726893,18.13273107,Above Line (5+),96,24,15.98328433,8.016715666,Above Line (5+),91,62.6,33.39993342,29.20006658,Above Line (5+),15.9,14.6,5,0,0,5,614,600,-14,Expand-A,EAPI-A
126519433,8152,MASTERY CS-MANN CAMPUS,MASTERY CS - MANN CAMPUS,Charter,K-6,91.44,88.36,FALSE,315,30.2,20.88131097,9.318689027,Above Line (5+),318,17,12.1103309,4.889669099,Within 5 pts,,,,,,,,,,,,,,,,7.1,7.1,1,1,0,2,549,555,6,Expand-A,EAPI-A
126510023,7910,MASTERY CS-THOMAS CAMPUS,MASTERY CS - THOMAS CAMPUS,Charter,K-12,66.67,90.98,FALSE,574,46.5,18.79484561,27.70515439,Above Line (5+),576,39.4,10.0321469,29.3678531,Above Line (5+),115,37.4,11.04448496,26.35551504,Above Line (5+),115,31.3,15.38124368,15.91875632,Above Line (5+),114,58.8,32.6616871,26.1383129,Above Line (5+),25.1,27.2,5,0,0,5,1269,1300,31,Fill-C,EAPI-A
126510022,7909,MASTERY CS-SHOEMAKER CAMPUS,MASTERY CS -SHOEMAKER CAMPUS,Charter,7-12,96.18,72.43,FALSE,195,20.5,33.56733894,-13.06733894,Below Line (5+),192,9.4,24.7460069,-15.3460069,Below Line (5+),102,20.6,17.57140177,3.028598229,Within 5 pts,112,15.2,21.69076582,-6.49076582,Below Line (5+),109,36.7,40.39867542,-3.698675417,Within 5 pts,-7.1,-8.9,0,2,3,5,733,760,27,Fill-C,EAPI-C
126518118,8365,MASTERY CS JOHN WISTER ELEMENTARY,MASTERY CS JOHN WISTER ELEMENTARY,Charter,K-5,97.03,99.8,FALSE,223,26,11.77094311,14.22905689,Above Line (5+),229,24,3.0361229,20.9638771,Above Line (5+),,,,,,,,,,,,,,,,17.6,17.6,2,0,0,2,505,516,11,Expand-A,EAPI-A
126519644,8259,MASTERY CS-CLEVELAND ELEMENTARY,MASTERY CS-CLEVELAND ELEMENTARY,Charter,K-8,97.56,94.14,FALSE,472,32.4,16.27834539,16.12165461,Above Line (5+),475,16.2,7.5256349,8.6743651,Above Line (5+),,,,,,,,,,,,,,,,12.4,12.4,2,0,0,2,699,745,46,Fill-C,EAPI-A
126511748,8208,MASTERY CS-CLYMER ELEMENTARY,MASTERY CS-CLYMER ELEMENTARY,Charter,K-6,96.17,98.08,FALSE,217,24.4,13.14068374,11.25931626,Above Line (5+),218,19.7,4.4004269,15.2995731,Above Line (5+),,,,,,,,,,,,,,,,13.3,13.3,2,0,0,2,417,609,192,Fill-A,EAPI-A
126518795,8288,MASTERY CS-FRANCIS D. PASTORIUS ELEMENTARY,MASTERY CS-FRANCIS D. PASTORIUS ELEMENTARY,Charter,K-8,97.09,86.02,FALSE,363,26.4,22.74479531,3.655204692,Within 5 pts,366,14.5,13.9664189,0.5335810992,Within 5 pts,,,,,,,,,,,,,,,,2.1,2.1,0,2,0,2,688,650,-38,Expand-B,EAPI-B
126513734,8207,MASTERY CS-GRATZ CAMPUS,MASTERY CS-GRATZ CAMPUS,Charter,7-12,92.07,88.47,FALSE,253,35.6,20.79371128,14.80628872,Above Line (5+),252,14.7,12.0230789,2.676921099,Within 5 pts,147,9.5,11.9276419,-2.427641896,Within 5 pts,143,10.5,16.23498495,-5.734984947,Below Line (5+),144,23.6,33.70857878,-10.10857878,Below Line (5+),-0.2,1.9,1,2,2,5,1097,1766,669,Fill-A,EAPI-B
126513290,7588,MASTERY CS-HARDY WILLIAMS,MASTERY CS-HARDY WILLIAMS,Charter,K-12,96.45,90.76,FALSE,528,26.9,18.97004499,7.929955011,Above Line (5+),535,17.2,10.2066509,6.993349099,Above Line (5+),116,25,11.12189314,13.87810686,Above Line (5+),110,18.2,15.45607359,2.743926412,Within 5 pts,107,52.3,32.75344653,19.54655347,Above Line (5+),10.2,8.5,4,1,0,5,1211,1170,-41,Expand-A,EAPI-A
126516457,8153,MASTERY CS-HARRITY CAMPUS,MASTERY CS-HARRITY CAMPUS,Charter,K-8,97.08,99.07,FALSE,453,36.6,12.35228652,24.24771348,Above Line (5+),464,21.3,3.6151589,17.6848411,Above Line (5+),,,,,,,,,,,,,,,,21,20.9,2,0,0,2,753,850,97,Fill-B,EAPI-A
151514721,7961,MASTERY CS-PICKETT CAMPUS,MASTERY CS-PICKETT CAMPUS,Charter,6-12,96.35,80.35,FALSE,367,33,27.2601612,5.739838804,Above Line (5+),370,10.8,18.4638629,-7.663862901,Below Line (5+),107,17.8,14.78470737,3.015292631,Within 5 pts,106,14.2,18.99688898,-4.79688898,Within 5 pts,110,45.5,37.09533593,8.404664069,Above Line (5+),0.9,0,2,2,1,5,903,890,-13,Expand-B,EAPI-B
126517286,8151,MASTERY CS-SMEDLEY CAMPUS,MASTERY CS-SMEDLEY CAMPUS,Charter,K-6,83.17,86.31,FALSE,398,32.2,22.51385067,9.686149332,Above Line (5+),404,19.6,13.7363909,5.863609099,Above Line (5+),,,,,,,,,,,,,,,,7.8,7.8,2,0,0,2,737,755,18,Expand-A,EAPI-A
126517643,8427,MASTERY PREP ELEMENTARY CS,MASTERY PREP ELEMENTARY CS,Charter,K-6,95.68,91.52,FALSE,323,31.3,18.36481076,12.93518924,Above Line (5+),318,19.2,9.6038189,9.5961811,Above Line (5+),,,,,,,,,,,,,,,,11.3,11.3,2,0,0,2,602,588,-14,Expand-A,EAPI-A
126519392,8257,MEMPHIS STREET ACADEMY CS @ JP JONES,MEMPHIS STREET ACADEMY CS @ JP JONES,Charter,5-8,87.02,84.21,FALSE,422,15.6,24.1862084,-8.586208404,Below Line (5+),420,4.5,15.4021109,-10.9021109,Below Line (5+),,,,,,,,,,,,,,,,-9.7,-9.7,0,0,2,2,,,,,EAPI-C
126513000,7546,MULTICULTURAL ACADEMY CS,MULTICULTURAL ACADEMY CS,Charter,9-12,92.72,68.96,FALSE,,,,,,,,,,,47,29.8,18.79233985,11.00766015,Above Line (5+),47,40.4,22.87103762,17.52896238,Above Line (5+),47,57.4,41.84597188,15.55402812,Above Line (5+),14.7,14.7,3,0,0,3,261,275,14,Expand-A,EAPI-A
126513420,7649,NEW FOUNDATIONS CS,NEW FOUNDATIONS CS,Charter,K-12,54.36,70.84,FALSE,475,56,34.83355266,21.16644734,Above Line (5+),477,49.1,26.0071949,23.0928051,Above Line (5+),168,34.5,18.13085178,16.36914822,Above Line (5+),170,41.8,22.231582,19.568418,Above Line (5+),170,60.6,41.06184584,19.53815416,Above Line (5+),19.9,20.9,5,0,0,5,1538,1500,-38,Expand-A,EAPI-A
126510019,7856,NORTHWOOD ACADEMY CS,NORTHWOOD ACADEMY CS,Charter,K-8,90.77,75.06,FALSE,506,29.4,31.47290997,-2.072909969,Within 5 pts,508,8.9,22.6598909,-13.7598909,Below Line (5+),,,,,,,,,,,,,,,,-7.9,-7.9,0,1,1,2,801,788,-13,,EAPI-C
173515368,7985,PAN AMERICAN ACADEMY CS,PAN AMERICAN ACADEMY CS,Charter,K-8,88.27,86.17,FALSE,464,15.1,22.62534118,-7.525341184,Below Line (5+),463,6.3,13.8474389,-7.547438901,Below Line (5+),,,,,,,,,,,,,,,,-7.5,-7.5,0,0,2,2,767,750,-17,,EAPI-C
126510004,7685,PEOPLE FOR PEOPLE CS,PEOPLE FOR PEOPLE CS,Charter,K-8,97.66,99.81,FALSE,327,16.8,11.76297951,5.037020494,Above Line (5+),328,11.9,3.0281909,8.8718091,Above Line (5+),,,,,,,,,,,,,,,,7,7,2,0,0,2,556,540,-16,Expand-A,EAPI-A
126513280,7587,PHILADELPHIA ACADEMY CS,PHILADELPHIA ACADEMY CS,Charter,K-12,24.19,53.88,FALSE,494,52.6,48.33983228,4.26016772,Within 5 pts,494,48,39.4598669,8.540133097,Above Line (5+),99,38.4,24.09831858,14.30168142,Above Line (5+),99,47.5,28.00028796,19.49971204,Above Line (5+),99,60.6,48.13566373,12.46433627,Above Line (5+),11.8,8.5,4,1,0,5,1195,1124,-71,Expand-A,EAPI-A
126515691,8252,PHILADELPHIA CS FOR ARTS AND SCIENCES AT HR EMUNDS,PHILADELPHIA CS FOR ARTS AND SCIENCES AT HR EMUNDS,Charter,K-8,88.05,84.32,FALSE,602,16.4,24.09860871,-7.698608713,Below Line (5+),600,6.8,15.3148589,-8.514858901,Below Line (5+),,,,,,,,,,,,,,,,-8.1,-8.1,0,0,2,2,837,1015,178,Fill-A,EAPI-C
126510009,7737,PHILADELPHIA ELECTRICAL & TECH CHS,PHILADELPHIA ELECTRICAL & TECH CHS,Charter,9-12,92.66,87.09,FALSE,,,,,,,,,,,141,5.7,12.41320228,-6.713202285,Below Line (5+),139,18,16.70437258,1.295627421,Within 5 pts,141,42.6,34.28416066,8.315839339,Above Line (5+),1,1,1,1,1,3,627,600,-27,Expand-B,EAPI-B
126510929,8454,PHILADELPHIA HEBREW PUBLIC CS,PHILADELPHIA HEBREW PUBLIC CS,Charter,K-7,87.45,78.69,FALSE,291,18.2,28.58212017,-10.38212017,Below Line (5+),290,13.8,19.7805749,-5.980574901,Below Line (5+),,,,,,,,,,,,,,,,-8.2,-8.2,0,0,2,2,614,702,88,Fill-B,EAPI-C
126510016,7828,PHILADELPHIA MONTESSORI CS,PHILADELPHIA MONTESSORI CS,Charter,K-4,95.19,67.06,FALSE,91,17.6,37.84379658,-20.24379658,Below Line (5+),90,11.1,29.0054909,-17.9054909,Below Line (5+),,,,,,,,,,,,,,,,-19.1,-19.1,0,0,2,2,249,250,1,,EAPI-C
126513400,7647,PHILADELPHIA PERFORMING ARTS CS,PHILADELPHIA PERFORMING ARTS CS,Charter,K-12,49.76,63.01,FALSE,1176,51.6,41.06905793,10.53094207,Above Line (5+),1177,36.4,32.2179509,4.182049098,Within 5 pts,150,34,20.8858792,13.1141208,Above Line (5+),151,52.3,24.89484661,27.40515339,Above Line (5+),156,60.9,44.32764738,16.57235262,Above Line (5+),14.4,9.3,4,1,0,5,2484,2525,41,Fill-C,EAPI-A
126512960,7540,PREPARATORY CS OF MATH SCIENCE TECH AND CAREERS,PREPARATORY CS OF MATH SCIENCE TECH AND CAREERS,Charter,9-12,74.57,75,FALSE,,,,,,,,,,,128,18.8,16.66713351,2.132866488,Within 5 pts,129,27.1,20.81661639,6.283383609,Above Line (5+),127,46.5,39.32675844,7.173241563,Above Line (5+),5.2,5.2,2,1,0,3,590,600,10,Expand-A,EAPI-A
126510008,7684,RICHARD ALLEN PREPARATORY CS,RICHARD ALLEN PREPARATORY CS,Charter,5-8,93.53,100,FALSE,277,20.9,11.61167095,9.288329051,Above Line (5+),281,2.5,2.8774829,-0.3774829,Within 5 pts,,,,,,,,,,,,,,,,4.5,4.4,1,1,0,2,309,500,191,Fill-A,EAPI-B
126510001,7677,RUSSELL BYERS CS,RUSSELL BYERS CS,Charter,K-8,97.21,97.47,FALSE,423,22,13.62646384,8.373536159,Above Line (5+),427,12.2,4.8842789,7.3157211,Above Line (5+),,,,,,,,,,,,,,,,7.8,7.8,2,0,0,2,681,725,44,Fill-C,EAPI-A
114514135,8083,SANKOFA FREEDOM ACADEMY CS,SANKOFA FREEDOM ACADEMY CS,Charter,K-12,97.83,82.07,FALSE,324,31.2,25.89042057,5.309579426,Above Line (5+),325,16.3,17.0995589,-0.7995589011,Within 5 pts,45,26.7,14.17951616,12.52048384,Above Line (5+),45,17.8,18.41185512,-0.6118551211,Within 5 pts,45,53.3,36.37794402,16.92205598,Above Line (5+),6.7,3.5,3,2,0,5,647,650,3,Expand-A,EAPI-A
108515107,7960,SOUTHWEST LEADERSHIP ACADEMY CS,SOUTHWEST LEADERSHIP ACADEMY CS,Charter,K-8,95.8,100,FALSE,436,20.4,11.61167095,8.788329051,Above Line (5+),435,13.1,2.8774829,10.2225171,Above Line (5+),,,,,,,,,,,,,,,,9.5,9.5,2,0,0,2,690,1032,342,Fill-A,EAPI-A
192518422,8126,TACONY ACADEMY CS,TACONY ACADEMY CS,Charter,K-12,60,72.04,FALSE,476,42.6,33.87791967,8.722080334,Above Line (5+),476,26.3,25.0553549,1.244645098,Within 5 pts,89,25.8,17.70862536,8.091374641,Above Line (5+),89,37.1,21.82341885,15.27658115,Above Line (5+),88,58,40.56133986,17.43866014,Above Line (5+),10.2,6.9,4,1,0,5,1090,1075,-15,Expand-A,EAPI-A
126511530,8359,TECH FREIRE CS,TECH FREIRE CS,Charter,9-12,96.11,79.32,FALSE,,,,,,,,,,,92,16.3,15.14711838,1.152881616,Within 5 pts,92,17.4,19.34722902,-1.947229024,Within 5 pts,92,59.8,37.5249369,22.2750631,Above Line (5+),7.2,7.2,1,2,0,3,565,580,15,Expand-A,EAPI-A
126512674,8287,UNIVERSAL ALCORN CS,UNIVERSAL ALCORN CS,Charter,K-8,90.49,83.22,FALSE,282,35.8,24.97460562,10.82539438,Above Line (5+),282,15.2,16.1873789,-0.987378901,Within 5 pts,,,,,,,,,,,,,,,,4.9,4.9,1,1,0,2,473,620,147,Fill-A,EAPI-B
126519434,8195,UNIVERSAL AUDENRIED CS,UNIVERSAL AUDENRIED CS,Charter,9-12,91.59,97.83,FALSE,,,,,,,,,,,128,18,8.634275785,9.365724215,Above Line (5+),126,30.2,13.05131232,17.14868768,Above Line (5+),127,55.1,29.80463211,25.29536789,Above Line (5+),17.3,17.2,3,0,0,3,606,705,99,Fill-B,EAPI-A
126517442,8251,UNIVERSAL CREIGHTON CS,UNIVERSAL CREIGHTON CS,Charter,K-8,90.03,81.57,FALSE,410,50.7,26.28860099,24.41139901,Above Line (5+),410,40.7,17.4961589,23.2038411,Above Line (5+),,,,,,,,,,,,,,,,23.8,23.8,2,0,0,2,652,835,183,Fill-A,EAPI-A
126513210,7580,UNIVERSAL INSTITUTE CS,UNIVERSAL INSTITUTE CS,Charter,K-8,96.64,80.49,FALSE,366,31.4,27.14867068,4.25132932,Within 5 pts,365,19.2,18.3528149,0.8471850988,Within 5 pts,,,,,,,,,,,,,,,,2.5,2.6,0,2,0,2,565,705,140,Fill-A,EAPI-B
126513415,8196,UNIVERSAL VARE CS,UNIVERSAL VARE CS,Charter,6-8,80,88.57,FALSE,117,22.2,20.7140752,1.485924801,Within 5 pts,117,4.3,11.9437589,-7.643758901,Below Line (5+),,,,,,,,,,,,,,,,-3.1,-3.1,0,1,1,2,70,425,355,Fill-A,EAPI-B
126513020,7548,WEST OAK LANE CS,WEST OAK LANE CS,Charter,K-8,97.92,96.37,FALSE,607,30,14.50246075,15.49753925,Above Line (5+),608,19.2,5.7567989,13.4432011,Above Line (5+),,,,,,,,,,,,,,,,14.5,14.5,2,0,0,2,1007,1200,193,Fill-A,EAPI-A
126510006,7722,WEST PHILA. ACHIEVEMENT CES,WEST PHILA. ACHIEVEMENT CES,Charter,K-5,97.56,100,FALSE,293,14.7,11.61167095,3.088329051,Within 5 pts,296,12.2,2.8774829,9.3225171,Above Line (5+),,,,,,,,,,,,,,,,6.2,6.2,1,1,0,2,613,640,27,Fill-C,EAPI-A
126510007,7724,WISSAHICKON CS,WISSAHICKON CS,Charter,K-8,96.1,72.95,FALSE,639,23.2,33.15323131,-9.953231314,Below Line (5+),638,12.1,24.3335429,-12.2335429,Below Line (5+),,,,,,,,,,,,,,,,-11.1,-11.1,0,0,2,2,998,972,-26,,EAPI-C
126513250,7584,YOUNG SCHOLARS CS,YOUNG SCHOLARS CS,Charter,5-8,96.85,92.85,FALSE,240,14.2,17.30565086,-3.105650861,Within 5 pts,244,1.2,8.5488629,-7.3488629,Below Line (5+),,,,,,,,,,,,,,,,-5.2,-5.2,0,1,1,2,285,300,15,,EAPI-C
126515001,7904,PHILADELPHIA CITY SD,ACADEMY AT PALUMBO,District,9-12,43.72,59.98,TRUE,,,,,,,,,,,328,74.1,,,Excluded (Selection Criteria),328,68.9,,,Excluded (Selection Criteria),324,91.7,,,Excluded (Selection Criteria),,,0,0,0,0,,,,,
126515001,7256,PHILADELPHIA CITY SD,ADAIRE ALEXANDER SCH,District,K-8,15.08,31.26,FALSE,259,70.7,66.35351418,4.346485818,Within 5 pts,259,57.1,57.4020509,-0.3020509042,Within 5 pts,,,,,,,,,,,,,,,,2,2,0,2,0,2,,,,,
126515001,5292,PHILADELPHIA CITY SD,ALLEN DR ETHEL SCH,District,K-8,94.52,90.62,FALSE,193,11.9,19.0815355,-7.181535505,Below Line (5+),195,5.1,10.3176989,-5.217698901,Below Line (5+),,,,,,,,,,,,,,,,-6.2,-6.2,0,0,2,2,,,,,
126515001,3758,PHILADELPHIA CITY SD,ALLEN ETHAN SCH,District,K-8,75.93,75.07,FALSE,593,19.2,31.46494636,-12.26494636,Below Line (5+),596,13.8,22.6519589,-8.851958902,Below Line (5+),,,,,,,,,,,,,,,,-10.6,-10.6,0,0,2,2,,,,,
126515001,6823,PHILADELPHIA CITY SD,AMY AT MARTIN,District,6-8,64.43,86.34,TRUE,167,29.3,,,Excluded (Selection Criteria),167,10.2,,,Excluded (Selection Criteria),,,,,,,,,,,,,,,,,,0,0,0,0,,,,,
126515001,7024,PHILADELPHIA CITY SD,AMY NW,District,6-8,88.97,77.2,TRUE,147,49,,,Excluded (Selection Criteria),147,29.9,,,Excluded (Selection Criteria),,,,,,,,,,,,,,,,,,0,0,0,0,,,,,
126515001,3804,PHILADELPHIA CITY SD,ANDERSON ADD B SCH,District,K-8,95.59,86.46,FALSE,226,17.3,22.39439654,-5.094396544,Below Line (5+),225,7.1,13.6174109,-6.517410901,Below Line (5+),,,,,,,,,,,,,,,,-5.8,-5.8,0,0,2,2,,,,,
126515001,8039,PHILADELPHIA CITY SD,ARTS ACADEMY AT BENJAMIN RUSH,District,9-12,46.68,55.81,TRUE,,,,,,,,,,,138,45.7,,,Excluded (Selection Criteria),138,68.1,,,Excluded (Selection Criteria),138,83.3,,,Excluded (Selection Criteria),,,0,0,0,0,,,,,
126515001,3618,PHILADELPHIA CITY SD,BACHE-MARTIN SCH,District,K-8,50,53.34,FALSE,281,51.2,48.76986713,2.430132873,Within 5 pts,281,43.8,39.8881949,3.911805097,Within 5 pts,,,,,,,,,,,,,,,,3.2,3.2,0,2,0,2,,,,,
126515001,6824,PHILADELPHIA CITY SD,BALDI C C A MS,District,6-8,20.86,66.83,FALSE,1294,58.2,38.02695957,20.17304043,Above Line (5+),1315,41.8,29.1879269,12.6120731,Above Line (5+),,,,,,,,,,,,,,,,16.4,16.4,2,0,0,2,,,,,
126515001,8029,PHILADELPHIA CITY SD,BARRY COMM JOHN SCH,District,K-8,95.7,91.18,FALSE,250,14,18.63557344,-4.635573442,Within 5 pts,251,4,9.873506901,-5.873506901,Below Line (5+),,,,,,,,,,,,,,,,-5.3,-5.3,0,1,1,2,,,,,
126515001,3847,PHILADELPHIA CITY SD,BARTRAM JOHN - MAIN,District,9-12,90.06,80.53,FALSE,,,,,,,,,,,112,4.5,14.72137341,-10.22137341,Below Line (5+),98,13.3,18.93566451,-5.635664507,Below Line (5+),101,23.8,37.02026003,-13.22026003,Below Line (5+),-9.7,-9.8,0,0,3,3,,,,,
126515001,5183,PHILADELPHIA CITY SD,BETHUNE MARY MCLEOD SCH,District,K-8,97.17,92.14,FALSE,254,15.4,17.87106705,-2.471067048,Within 5 pts,253,11.5,9.1120349,2.3879651,Within 5 pts,,,,,,,,,,,,,,,,0,0,0,2,0,2,,,,,
126515001,3662,PHILADELPHIA CITY SD,BLAINE JAMES G SCH,District,K-8,97.66,89.44,FALSE,168,9.5,20.02124128,-10.52124128,Below Line (5+),168,4.2,11.2536749,-7.053674901,Below Line (5+),,,,,,,,,,,,,,,,-8.8,-8.8,0,0,2,2,,,,,
126515001,3663,PHILADELPHIA CITY SD,BLANKENBURG RUDOLPH SCH,District,K-8,94.74,89.79,FALSE,153,15,19.74251499,-4.742514991,Within 5 pts,154,3.2,10.9760549,-7.776054901,Below Line (5+),,,,,,,,,,,,,,,,-6.3,-6.3,0,1,1,2,,,,,
126515001,7070,PHILADELPHIA CITY SD,BODINE WILLIAM W HS,District,9-12,65.01,70.68,TRUE,,,,,,,,,,,86,39.5,,,Excluded (Selection Criteria),84,47.6,,,Excluded (Selection Criteria),82,72,,,Excluded (Selection Criteria),,,0,0,0,0,,,,,
126515001,3620,PHILADELPHIA CITY SD,BREGY F AMEDEE SCH,District,K-8,52.05,81.91,FALSE,147,23.1,26.01783831,-2.917838306,Within 5 pts,145,17.9,17.2264709,0.6735290989,Within 5 pts,,,,,,,,,,,,,,,,-1.1,-1.1,0,2,0,2,,,,,
126515001,3745,PHILADELPHIA CITY SD,BRIDESBURG SCH,District,K-8,21.07,69.34,FALSE,363,36.6,36.0280939,0.5719061016,Within 5 pts,364,26.4,27.1969949,-0.7969949019,Within 5 pts,,,,,,,,,,,,,,,,-0.1,-0.1,0,2,0,2,,,,,
126515001,3684,PHILADELPHIA CITY SD,BROWN HENRY A SCH,District,K-8,71.79,82.75,FALSE,205,29.8,25.34889521,4.451104789,Within 5 pts,204,16.7,16.5601829,0.139817099,Within 5 pts,,,,,,,,,,,,,,,,2.3,2.3,0,2,0,2,,,,,
126515001,6529,PHILADELPHIA CITY SD,BROWN JOSEPH H SCH,District,K-8,69.56,80.56,FALSE,245,26.9,27.09292542,-0.192925422,Within 5 pts,245,14.3,18.2972909,-3.997290901,Within 5 pts,,,,,,,,,,,,,,,,-2.1,-2.1,0,2,0,2,,,,,
126515001,3601,PHILADELPHIA CITY SD,BRYANT WILLIAM C SCH,District,K-8,95.18,90.23,FALSE,180,23.3,19.39211623,3.907883773,Within 5 pts,178,9,10.6270469,-1.627046901,Within 5 pts,,,,,,,,,,,,,,,,1.1,1.2,0,2,0,2,,,,,
126515001,8332,PHILADELPHIA CITY SD,BUILDING 21,District,9-12,97.67,84.59,FALSE,,,,,,,,,,,68,2.9,13.29284067,-10.39284067,Below Line (5+),65,3.1,17.55471249,-14.45471249,Below Line (5+),66,24.2,35.32688146,-11.12688146,Below Line (5+),-12,-12,0,0,3,3,,,,,
126515001,7230,PHILADELPHIA CITY SD,CARNELL LAURA H SCH,District,K-5,89.57,76.36,FALSE,279,12.2,30.43764089,-18.23764089,Below Line (5+),281,8.2,21.6287309,-13.4287309,Below Line (5+),,,,,,,,,,,,,,,,-15.8,-15.8,0,0,2,2,,,,,
126515001,7023,PHILADELPHIA CITY SD,CARVER HS,District,7-12,68.76,54.44,TRUE,75,90.7,,,Excluded (Selection Criteria),75,70.7,,,Excluded (Selection Criteria),237,59.1,,,Excluded (Selection Criteria),238,64.7,,,Excluded (Selection Criteria),237,88.2,,,Excluded (Selection Criteria),,,0,0,0,0,,,,,
126515001,7253,PHILADELPHIA CITY SD,CASTOR GARDENS MS,District,6-8,63.35,75.73,FALSE,1140,31.1,30.93934822,0.1606517847,Within 5 pts,1134,18.8,22.1284469,-3.328446901,Within 5 pts,,,,,,,,,,,,,,,,-1.6,-1.6,0,2,0,2,,,,,
126515001,3602,PHILADELPHIA CITY SD,CATHARINE JOSEPH SCH,District,K-5,87,78.2,FALSE,167,28.7,28.97233697,-0.2723369731,Within 5 pts,171,28.7,20.1692429,8.530757099,Above Line (5+),,,,,,,,,,,,,,,,4.1,4.2,1,1,0,2,,,,,
126515001,7404,PHILADELPHIA CITY SD,CAYUGA SCHOOL,District,K-5,98.8,84,FALSE,150,12,24.35344418,-12.35344418,Below Line (5+),151,11.3,15.5686829,-4.268682901,Within 5 pts,,,,,,,,,,,,,,,,-8.3,-8.3,0,1,1,2,,,,,
126515001,3848,PHILADELPHIA CITY SD,CENTRAL HS,District,9-12,33.46,52.73,TRUE,,,,,,,,,,,565,69.9,,,Excluded (Selection Criteria),559,69.2,,,Excluded (Selection Criteria),560,96.3,,,Excluded (Selection Criteria),,,0,0,0,0,,,,,
126515001,3622,PHILADELPHIA CITY SD,CHILDS GEORGE W SCH,District,K-8,65.24,76.26,FALSE,233,33,30.51727698,2.482723023,Within 5 pts,234,20.5,21.7080509,-1.208050901,Within 5 pts,,,,,,,,,,,,,,,,0.6,0.6,0,2,0,2,,,,,
126515001,6767,PHILADELPHIA CITY SD,CLEMENTE ROBERTO MS,District,6-8,97.85,87.76,FALSE,208,7.2,21.35912747,-14.15912747,Below Line (5+),207,0.5,12.5862509,-12.0862509,Below Line (5+),,,,,,,,,,,,,,,,-13.1,-13.1,0,0,2,2,,,,,
126515001,3782,PHILADELPHIA CITY SD,COMEGYS BENJAMIN B SCH,District,K-8,93.9,90.14,FALSE,153,20.3,19.4637887,0.8362112986,Within 5 pts,154,8.4,10.6984349,-2.298434901,Within 5 pts,,,,,,,,,,,,,,,,-0.7,-0.7,0,2,0,2,,,,,
126515001,3760,PHILADELPHIA CITY SD,COMLY WATSON SCH,District,K-5,15,66.56,FALSE,243,41.6,38.241977,3.358023003,Within 5 pts,241,53.1,29.4020909,23.6979091,Above Line (5+),,,,,,,,,,,,,,,,13.5,13.5,1,1,0,2,,,,,
126515001,7905,PHILADELPHIA CITY SD,CONSTITUTION HS,District,9-12,88.78,81.12,TRUE,,,,,,,,,,,83,28.9,,,Excluded (Selection Criteria),80,13.8,,,Excluded (Selection Criteria),83,50.6,,,Excluded (Selection Criteria),,,0,0,0,0,,,,,
126515001,6525,PHILADELPHIA CITY SD,CONWELL RUSSELL MS,District,5-8,91.75,86.91,TRUE,111,23.4,,,Excluded (Selection Criteria),111,8.1,,,Excluded (Selection Criteria),,,,,,,,,,,,,,,,,,0,0,0,0,,,,,
126515001,5122,PHILADELPHIA CITY SD,COOK-WISSAHICKON SCH,District,K-8,40.38,47.4,FALSE,249,63.9,53.50025044,10.39974956,Above Line (5+),249,51.8,44.5998029,7.200197097,Above Line (5+),,,,,,,,,,,,,,,,8.8,8.8,2,0,0,2,,,,,
126515001,7239,PHILADELPHIA CITY SD,COOKE JAY MS,District,K-8,95.6,88.6,FALSE,218,13.3,20.69018437,-7.390184375,Below Line (5+),217,5.5,11.9199629,-6.419962901,Below Line (5+),,,,,,,,,,,,,,,,-6.9,-6.9,0,0,2,2,,,,,
126515001,5123,PHILADELPHIA CITY SD,CRAMP WILLIAM SCH,District,K-5,95.58,90.28,FALSE,157,15.9,19.35229819,-3.452298186,Within 5 pts,158,6.3,10.5873869,-4.287386901,Within 5 pts,,,,,,,,,,,,,,,,-3.9,-3.9,0,2,0,2,,,,,
126515001,6996,PHILADELPHIA CITY SD,CREATIVE AND PERFORMING ARTS,District,9-12,61.81,48.15,TRUE,,,,,,,,,,,183,37.2,,,Excluded (Selection Criteria),181,44.2,,,Excluded (Selection Criteria),182,84.1,,,Excluded (Selection Criteria),,,0,0,0,0,,,,,
126515001,3762,PHILADELPHIA CITY SD,CROSSAN KENNEDY C SCH,District,K-5,65.41,73.58,FALSE,140,29.3,32.65152399,-3.351523993,Within 5 pts,144,25,23.8338269,1.166173098,Within 5 pts,,,,,,,,,,,,,,,,-1.1,-1.1,0,2,0,2,,,,,
126515001,3706,PHILADELPHIA CITY SD,DAY ANNA B SCH,District,K-8,94.47,82.5,FALSE,180,25,25.54798542,-0.547985418,Within 5 pts,179,8.4,16.7584829,-8.358482901,Below Line (5+),,,,,,,,,,,,,,,,-4.5,-4.4,0,1,1,2,,,,,
126515001,7175,PHILADELPHIA CITY SD,DEBURGOS BILINGUAL MAGNET MS,District,K-8,97.85,90.03,FALSE,365,17.3,19.55138839,-2.251388392,Within 5 pts,368,7.1,10.7856869,-3.685686901,Within 5 pts,,,,,,,,,,,,,,,,-3,-3,0,2,0,2,,,,,
126515001,4727,PHILADELPHIA CITY SD,DECATUR STEPHEN SCH,District,K-8,31.89,66.92,FALSE,623,51.5,37.9552871,13.5447129,Above Line (5+),623,38.8,29.1165389,9.683461098,Above Line (5+),,,,,,,,,,,,,,,,11.6,11.6,2,0,0,2,,,,,
126515001,3786,PHILADELPHIA CITY SD,DICK WILLIAM SCH,District,K-8,94.12,96.38,FALSE,237,12.7,14.49449714,-1.794497142,Within 5 pts,236,5.1,5.7488669,-0.6488669002,Within 5 pts,,,,,,,,,,,,,,,,-1.2,-1.2,0,2,0,2,,,,,
126515001,3763,PHILADELPHIA CITY SD,DISSTON HAMILTON SCH,District,K-8,81.49,81.48,FALSE,416,13.2,26.36027346,-13.16027346,Below Line (5+),414,10.1,17.5675469,-7.467546901,Below Line (5+),,,,,,,,,,,,,,,,-10.3,-10.3,0,0,2,2,,,,,
126515001,3841,PHILADELPHIA CITY SD,DOBBINS AVT HS,District,9-12,96.64,90.64,FALSE,,,,,,,,,,,135,3.7,11.16411578,-7.464115779,Below Line (5+),133,6.8,15.4968899,-8.696889904,Below Line (5+),132,12.9,32.80349713,-19.90349713,Below Line (5+),-12,-12,0,0,3,3,,,,,
126515001,3726,PHILADELPHIA CITY SD,DOBSON JAMES SCH,District,K-8,42.69,49.01,FALSE,125,56,52.21810951,3.781890493,Within 5 pts,126,43.7,43.3227509,0.3772490969,Within 5 pts,,,,,,,,,,,,,,,,2.1,2.1,0,2,0,2,,,,,
126515001,5040,PHILADELPHIA CITY SD,DUCKREY TANNER SCH,District,K-8,96.77,90.47,FALSE,264,18.2,19.20098963,-1.000989629,Within 5 pts,264,9.1,10.4366789,-1.336678901,Within 5 pts,,,,,,,,,,,,,,,,-1.2,-1.2,0,2,0,2,,,,,
126515001,3687,PHILADELPHIA CITY SD,DUNBAR PAUL L SCH,District,K-8,89.23,89.73,FALSE,144,21.5,19.79029664,1.70970336,Within 5 pts,144,9,11.0236469,-2.023646901,Within 5 pts,,,,,,,,,,,,,,,,-0.2,-0.2,0,2,0,2,,,,,
126515001,3849,PHILADELPHIA CITY SD,EDISON HS/FAREIRA SKILLS,District,9-12,95.3,84.18,FALSE,,,,,,,,,,,151,7.3,13.43710136,-6.137101364,Below Line (5+),124,8.9,17.69416824,-8.794168236,Below Line (5+),135,25.2,35.49788767,-10.29788767,Below Line (5+),-8.4,-8.3,0,0,3,3,,,,,
126515001,3688,PHILADELPHIA CITY SD,ELKIN LEWIS SCH,District,K-4,95.36,90.69,FALSE,193,8.3,19.02579025,-10.72579025,Below Line (5+),196,5.6,10.2621749,-4.662174901,Within 5 pts,,,,,,,,,,,,,,,,-7.7,-7.7,0,1,1,2,,,,,
126515001,3738,PHILADELPHIA CITY SD,ELLWOOD SCH,District,K-5,92.06,80.07,FALSE,118,22.9,27.48314223,-4.583142227,Within 5 pts,118,22,18.6859589,3.314041099,Within 5 pts,,,,,,,,,,,,,,,,-0.6,-0.6,0,2,0,2,,,,,
126515001,3709,PHILADELPHIA CITY SD,EMLEN ELEANOR C SCH,District,K-5,91.19,87.32,FALSE,104,28.8,21.70952623,7.090473767,Above Line (5+),104,18.3,12.9352589,5.364741099,Above Line (5+),,,,,,,,,,,,,,,,6.2,6.2,2,0,0,2,,,,,
126515001,3642,PHILADELPHIA CITY SD,FANNY JACKSON COPPIN SCH,District,K-8,35.86,45.64,FALSE,306,63.4,54.90184549,8.498154507,Above Line (5+),307,59.6,45.9958349,13.6041651,Above Line (5+),,,,,,,,,,,,,,,,11.1,11.1,2,0,0,2,,,,,
126515001,7235,PHILADELPHIA CITY SD,FARRELL LOUIS H SCH,District,K-8,37.05,71.48,FALSE,693,34.5,34.32388173,0.1761182709,Within 5 pts,694,30.3,25.4995469,4.800453098,Within 5 pts,,,,,,,,,,,,,,,,2.5,2.5,0,2,0,2,,,,,
126515001,7226,PHILADELPHIA CITY SD,FELL D NEWLIN SCH,District,K-8,44.13,75.52,FALSE,367,48.5,31.10658399,17.39341601,Above Line (5+),368,35.9,22.2950189,13.6049811,Above Line (5+),,,,,,,,,,,,,,,,15.5,15.5,2,0,0,2,,,,,
126515001,3816,PHILADELPHIA CITY SD,FELS SAMUEL HS,District,9-12,85.01,77.96,FALSE,,,,,,,,,,,217,12.4,15.62564166,-3.225641665,Within 5 pts,195,15.4,19.80981394,-4.409813936,Within 5 pts,194,28.4,38.09217701,-9.692177013,Below Line (5+),-5.8,-5.7,0,2,1,3,,,,,
126515001,3751,PHILADELPHIA CITY SD,FELTONVILLE INTERMEDIATE SCHOOL,District,3-5,93.17,85,FALSE,472,13.8,23.55708335,-9.757083351,Below Line (5+),471,14.2,14.7754829,-0.5754829009,Within 5 pts,,,,,,,,,,,,,,,,-5.2,-5.2,0,1,1,2,,,,,
126515001,7368,PHILADELPHIA CITY SD,FELTONVILLE SCH OF ARTS & SCIENCES,District,6-8,93.46,84.29,FALSE,455,20,24.12249954,-4.122499538,Within 5 pts,453,8.2,15.3386549,-7.138654901,Below Line (5+),,,,,,,,,,,,,,,,-5.6,-5.6,0,1,1,2,,,,,
126515001,3739,PHILADELPHIA CITY SD,FINLETTER THOMAS K SCH,District,K-8,88.56,82.81,FALSE,343,24.8,25.30111356,-0.5011135617,Within 5 pts,343,16.3,16.5125909,-0.212590901,Within 5 pts,,,,,,,,,,,,,,,,-0.4,-0.4,0,2,0,2,,,,,
126515001,6913,PHILADELPHIA CITY SD,FITLER ACADEMICS PLUS,District,K-8,96.04,84.74,TRUE,119,21,,,Excluded (Selection Criteria),119,10.1,,,Excluded (Selection Criteria),,,,,,,,,,,,,,,,,,0,0,0,0,,,,,
126515001,3781,PHILADELPHIA CITY SD,FITZPATRICK ALOYSIUS L SCH,District,K-8,40.2,71.76,FALSE,455,33.2,34.1009007,-0.9009006976,Within 5 pts,454,23.1,25.2774509,-2.177450902,Within 5 pts,,,,,,,,,,,,,,,,-1.5,-1.5,0,2,0,2,,,,,
126515001,3764,PHILADELPHIA CITY SD,FORREST EDWIN SCH,District,K-5,75.94,77.6,FALSE,349,22.1,29.45015347,-7.350153469,Below Line (5+),352,14.5,20.6451629,-6.145162901,Below Line (5+),,,,,,,,,,,,,,,,-6.7,-6.7,0,0,2,2,,,,,
126515001,3765,PHILADELPHIA CITY SD,FOX CHASE SCH,District,K-5,43.4,68.47,FALSE,225,51.6,36.72092782,14.87907218,Above Line (5+),224,40.2,27.8870789,12.3129211,Above Line (5+),,,,,,,,,,,,,,,,13.6,13.6,2,0,0,2,,,,,
126515001,3803,PHILADELPHIA CITY SD,FRANK ANNE SCH,District,K-5,18.85,68.48,FALSE,692,54,36.71296421,17.28703579,Above Line (5+),696,58,27.8791469,30.1208531,Above Line (5+),,,,,,,,,,,,,,,,23.7,23.7,2,0,0,2,,,,,
126515001,3850,PHILADELPHIA CITY SD,FRANKFORD HS,District,9-12,84.36,80.4,FALSE,,,,,,,,,,,131,6.1,14.7671146,-8.667114602,Below Line (5+),118,17.8,18.97988218,-1.179882182,Within 5 pts,115,20.9,37.07448151,-16.17448151,Below Line (5+),-8.7,-8.6,0,1,2,3,,,,,
126515001,3851,PHILADELPHIA CITY SD,FRANKLIN BENJAMIN HS,District,9-12,91.88,83.1,FALSE,,,,,,,,,,,97,3.1,13.81710515,-10.71710515,Below Line (5+),93,5.4,18.06151508,-12.66151508,Below Line (5+),92,14.1,35.94834305,-21.84834305,Below Line (5+),-15.1,-15,0,0,3,3,,,,,
126515001,7231,PHILADELPHIA CITY SD,FRANKLIN BENJAMIN SCH,District,K-8,89.42,83.89,FALSE,365,21.4,24.44104387,-3.041043869,Within 5 pts,366,9.3,15.6559349,-6.355934901,Below Line (5+),,,,,,,,,,,,,,,,-4.7,-4.7,0,1,1,2,,,,,
126515001,6822,PHILADELPHIA CITY SD,FRANKLIN LC,District,9-12,83.69,76.03,TRUE,,,,,,,,,,,175,33.7,,,Excluded (Selection Criteria),176,42.6,,,Excluded (Selection Criteria),176,65.3,,,Excluded (Selection Criteria),,,0,0,0,0,,,,,
126515001,3708,PHILADELPHIA CITY SD,FRANKLIN S EDMONDS SCH,District,K-8,97.08,79.06,FALSE,237,29.5,28.28746666,1.212533338,Within 5 pts,236,12.3,19.4870909,-7.187090901,Below Line (5+),,,,,,,,,,,,,,,,-3,-3,0,1,1,2,,,,,
126515001,3818,PHILADELPHIA CITY SD,FURNESS HORACE HS,District,9-12,57.54,68.89,FALSE,,,,,,,,,,,166,16.3,18.81696972,-2.516969724,Within 5 pts,160,21.3,22.89484714,-1.594847135,Within 5 pts,159,28.3,41.87516807,-13.57516807,Below Line (5+),-5.9,-5.8,0,2,1,3,,,,,
126515001,7664,PHILADELPHIA CITY SD,GAMP,District,5-12,26.43,39.03,TRUE,420,92.4,,,Excluded (Selection Criteria),420,74,,,Excluded (Selection Criteria),59,50.8,,,Excluded (Selection Criteria),58,65.5,,,Excluded (Selection Criteria),59,94.9,,,Excluded (Selection Criteria),,,0,0,0,0,,,,,
126515001,3625,PHILADELPHIA CITY SD,GIDEON EDWARD SCH,District,K-8,94.56,94.23,FALSE,116,12.9,16.20667292,-3.30667292,Within 5 pts,116,4.3,7.4542469,-3.1542469,Within 5 pts,,,,,,,,,,,,,,,,-3.2,-3.2,0,2,0,2,,,,,
126515001,3776,PHILADELPHIA CITY SD,GIRARD STEPHEN SCH,District,K-5,66.45,84.11,FALSE,117,32.5,24.26584449,8.234155513,Above Line (5+),117,29.1,15.4814309,13.6185691,Above Line (5+),,,,,,,,,,,,,,,,10.9,10.9,2,0,0,2,,,,,
126515001,3843,PHILADELPHIA CITY SD,GIRLS HS,District,9-12,80.07,68.71,TRUE,,,,,,,,,,,190,31.6,,,Excluded (Selection Criteria),190,48.4,,,Excluded (Selection Criteria),185,70.8,,,Excluded (Selection Criteria),,,0,0,0,0,,,,,
126515001,3800,PHILADELPHIA CITY SD,GLORIA CASAREZ EL SCH,District,K-5,95.89,89.49,FALSE,179,14,19.98142324,-5.981423239,Below Line (5+),184,12,11.2140149,0.7859850994,Within 5 pts,,,,,,,,,,,,,,,,-2.6,-2.6,0,1,1,2,,,,,
126515001,4726,PHILADELPHIA CITY SD,GREENBERG JOSEPH SCH,District,K-8,19.27,52.34,FALSE,577,74.2,49.56622795,24.63377205,Above Line (5+),577,68.8,40.6813949,28.1186051,Above Line (5+),,,,,,,,,,,,,,,,26.4,26.4,2,0,0,2,,,,,
126515001,5186,PHILADELPHIA CITY SD,GREENFIELD ALBERT M SCH,District,K-8,21,15.76,FALSE,451,86.3,78.697107,7.602893003,Above Line (5+),451,76.5,69.69665091,6.803349095,Above Line (5+),,,,,,,,,,,,,,,,7.2,7.2,2,0,0,2,,,,,
126515001,8515,PHILADELPHIA CITY SD,GUIDON S BLUFORD EL SCH,District,K-8,97.15,89.89,FALSE,249,15.3,19.66287891,-4.362878908,Within 5 pts,260,6.2,10.8967349,-4.696734901,Within 5 pts,,,,,,,,,,,,,,,,-4.5,-4.5,0,2,0,2,,,,,
126515001,5120,PHILADELPHIA CITY SD,HACKETT HORATIO B SCH,District,K-5,29.57,57.68,FALSE,133,59.4,45.31366114,14.08633886,Above Line (5+),132,58.3,36.4457069,21.8542931,Above Line (5+),,,,,,,,,,,,,,,,18,18,2,0,0,2,,,,,
126515001,5185,PHILADELPHIA CITY SD,HAMILTON ANDREW SCH,District,K-8,92.89,90.13,FALSE,210,19,19.47175231,-0.4717523097,Within 5 pts,210,12.4,10.7063669,1.693633099,Within 5 pts,,,,,,,,,,,,,,,,0.6,0.6,0,2,0,2,,,,,
126515001,7242,PHILADELPHIA CITY SD,HARDING WARREN G MS,District,6-8,91.57,87.71,FALSE,436,15.4,21.39894551,-5.99894551,Below Line (5+),439,2.1,12.6259109,-10.5259109,Below Line (5+),,,,,,,,,,,,,,,,-8.3,-8.3,0,0,2,2,,,,,
126515001,6528,PHILADELPHIA CITY SD,HARRINGTON AVERY D SCH,District,K-8,94.21,87.4,FALSE,163,20.9,21.64581737,-0.7458173668,Within 5 pts,163,8,12.8718029,-4.871802901,Within 5 pts,,,,,,,,,,,,,,,,-2.8,-2.8,0,2,0,2,,,,,
126515001,5125,PHILADELPHIA CITY SD,HARTRANFT JOHN F SCH,District,K-8,95.55,88.65,FALSE,194,11.3,20.65036633,-9.350366333,Below Line (5+),192,4.7,11.8803029,-7.180302901,Below Line (5+),,,,,,,,,,,,,,,,-8.3,-8.3,0,0,2,2,,,,,
126515001,3712,PHILADELPHIA CITY SD,HENRY CHARLES W SCH,District,K-8,52.18,41.27,FALSE,328,62.2,58.38194231,3.818057694,Within 5 pts,328,50.6,49.4621189,1.137881096,Within 5 pts,,,,,,,,,,,,,,,,2.5,2.5,0,2,0,2,,,,,
126515001,5187,PHILADELPHIA CITY SD,HESTON EDWARD SCH,District,K-8,96.8,91.11,FALSE,134,11.9,18.6913187,-6.791318699,Below Line (5+),135,3.7,9.929030901,-6.229030901,Below Line (5+),,,,,,,,,,,,,,,,-6.5,-6.5,0,0,2,2,,,,,
126515001,7229,PHILADELPHIA CITY SD,HILL FREEDMAN WORLD ACADEMY,District,6-12,92.77,67.81,TRUE,196,62.8,,,Excluded (Selection Criteria),197,24.4,,,Excluded (Selection Criteria),66,42.4,,,Excluded (Selection Criteria),66,39.4,,,Excluded (Selection Criteria),65,78.5,,,Excluded (Selection Criteria),,,0,0,0,0,,,,,
126515001,3766,PHILADELPHIA CITY SD,HOLME THOMAS SCH,District,K-8,46.19,77.98,FALSE,429,35.9,29.14753636,6.752463645,Above Line (5+),427,30.2,20.3437469,9.856253099,Above Line (5+),,,,,,,,,,,,,,,,8.3,8.3,2,0,0,2,,,,,
126515001,3742,PHILADELPHIA CITY SD,HOPKINSON FRANCIS SCH,District,K-8,92.68,86.58,FALSE,376,20.5,22.29883324,-1.798833245,Within 5 pts,370,10.5,13.5222269,-3.022226901,Within 5 pts,,,,,,,,,,,,,,,,-2.4,-2.4,0,2,0,2,,,,,
126515001,3713,PHILADELPHIA CITY SD,HOUSTON HENRY E SCH,District,K-8,65.75,50.95,FALSE,259,46.7,50.6731695,-3.973169503,Within 5 pts,257,31.1,41.7839429,-10.6839429,Below Line (5+),,,,,,,,,,,,,,,,-7.3,-7.3,0,1,1,2,,,,,
126515001,3743,PHILADELPHIA CITY SD,HOWE JULIA WARD SCH,District,K-5,95.11,81.98,FALSE,109,14.7,25.96209305,-11.26209305,Below Line (5+),109,16.5,17.1709469,-0.6709469011,Within 5 pts,,,,,,,,,,,,,,,,-6,-6,0,1,1,2,,,,,
126515001,3693,PHILADELPHIA CITY SD,HUNTER WILLIAM H SCH,District,K-8,94.4,90.31,FALSE,219,16,19.32840736,-3.328407361,Within 5 pts,220,9.1,10.5635909,-1.463590901,Within 5 pts,,,,,,,,,,,,,,,,-2.4,-2.4,0,2,0,2,,,,,
126515001,7227,PHILADELPHIA CITY SD,JENKS ABRAM SCH,District,K-5,21.69,61.9,FALSE,112,70.5,41.95301845,28.54698155,Above Line (5+),112,70.5,33.0984029,37.4015971,Above Line (5+),,,,,,,,,,,,,,,,33,33,2,0,0,2,,,,,
126515001,8507,PHILADELPHIA CITY SD,JOHN B STETSON MS,District,5-8,94.72,88.74,FALSE,485,12.6,20.57869386,-7.978693859,Below Line (5+),483,2.9,11.8089149,-8.908914901,Below Line (5+),,,,,,,,,,,,,,,,-8.4,-8.4,0,0,2,2,,,,,
126515001,5041,PHILADELPHIA CITY SD,JOHN HANCOCK DEMONSTRATION SCH,District,K-8,33.94,67.16,FALSE,480,49.6,37.7641605,11.8358395,Above Line (5+),480,37.3,28.9261709,8.373829098,Above Line (5+),,,,,,,,,,,,,,,,10.1,10.1,2,0,0,2,,,,,
126515001,3714,PHILADELPHIA CITY SD,JOHN STORY JENKS ACADEMY FOR THE ARTS AND SCIENCES,District,K-8,84.21,60.78,FALSE,244,60.7,42.84494258,17.85505742,Above Line (5+),244,43.4,33.9867869,9.413213098,Above Line (5+),,,,,,,,,,,,,,,,13.6,13.6,2,0,0,2,,,,,
126515001,7963,PHILADELPHIA CITY SD,JUNIATA PARK ACADEMY,District,K-8,87.12,87.99,FALSE,557,28.2,21.17596448,7.024035521,Above Line (5+),559,19,12.4038149,6.596185099,Above Line (5+),,,,,,,,,,,,,,,,6.8,6.8,2,0,0,2,,,,,
126515001,3645,PHILADELPHIA CITY SD,KEARNY GEN PHILIP SCH,District,K-8,88.6,90.67,FALSE,125,32,19.04171746,12.95828254,Above Line (5+),124,9.7,10.2780389,-0.5780389005,Within 5 pts,,,,,,,,,,,,,,,,6.2,6.2,1,1,0,2,,,,,
126515001,3626,PHILADELPHIA CITY SD,KELLEY WILLIAM D SCH,District,K-8,96.09,91.15,FALSE,105,21,18.65946427,2.340535734,Within 5 pts,104,13.5,9.897302901,3.602697099,Within 5 pts,,,,,,,,,,,,,,,,3,3,0,2,0,2,,,,,
126515001,5294,PHILADELPHIA CITY SD,KELLY JOHN B SCH,District,K-5,93.06,86.99,FALSE,170,20,21.97232531,-1.972325306,Within 5 pts,170,10,13.1970149,-3.197014901,Within 5 pts,,,,,,,,,,,,,,,,-2.6,-2.6,0,2,0,2,,,,,
126515001,8389,PHILADELPHIA CITY SD,KENDERTON EL SCH,District,K-8,97.04,91.25,FALSE,163,9.8,18.57982818,-8.779828184,Below Line (5+),159,4.4,9.817982901,-5.417982901,Below Line (5+),,,,,,,,,,,,,,,,-7.1,-7.1,0,0,2,2,,,,,
126515001,7852,PHILADELPHIA CITY SD,KENSINGTON CREATIVE & PERFORMING ARTS HS,District,9-12,88.69,84.33,FALSE,,,,,,,,,,,93,7.5,13.38432306,-5.884323061,Below Line (5+),89,7.9,17.64314784,-9.743147841,Below Line (5+),93,36.6,35.43532442,1.164675579,Within 5 pts,-4.8,-4.7,0,1,2,3,,,,,
126515001,7855,PHILADELPHIA CITY SD,KENSINGTON HEALTH SCIENCES,District,9-12,87.63,86.94,FALSE,,,,,,,,,,,90,14.4,12.46598059,1.934019412,Within 5 pts,87,19.5,16.75539297,2.744607027,Within 5 pts,90,62.2,34.34672391,27.85327609,Above Line (5+),10.8,10.9,1,2,0,3,,,,,
126515001,8388,PHILADELPHIA CITY SD,KENSINGTON HS,District,9-12,87.47,85.19,FALSE,,,,,,,,,,,67,9,13.08172746,-4.081727457,Within 5 pts,67,9,17.35063091,-8.350630911,Below Line (5+),67,25.4,35.07662847,-9.676628467,Below Line (5+),-7.4,-7.4,0,1,2,3,,,,,
126515001,7228,PHILADELPHIA CITY SD,KEY FRANCIS SCOTT SCH,District,K-6,66.19,80.74,FALSE,197,25.9,26.94958047,-1.049580473,Within 5 pts,197,24.9,18.1545149,6.745485099,Above Line (5+),,,,,,,,,,,,,,,,2.8,2.8,1,1,0,2,,,,,
126515001,6675,PHILADELPHIA CITY SD,KING MARTIN LUTHER HS,District,9-12,94.87,80.66,FALSE,,,,,,,,,,,70,2.9,14.67563221,-11.77563221,Below Line (5+),64,9.4,18.89144683,-9.491446831,Below Line (5+),66,19.7,36.96603855,-17.26603855,Below Line (5+),-12.8,-12.9,0,0,3,3,,,,,
126515001,3647,PHILADELPHIA CITY SD,KIRKBRIDE ELIZA B SCH,District,K-8,63.62,77.16,FALSE,296,38.9,29.80055223,9.099447767,Above Line (5+),297,32.3,20.9941709,11.3058291,Above Line (5+),,,,,,,,,,,,,,,,10.2,10.2,2,0,0,2,,,,,
126515001,3670,PHILADELPHIA CITY SD,LAMBERTON ROBERT E SCH,District,K-8,95.85,83.55,FALSE,208,8.7,24.71180655,-16.01180655,Below Line (5+),210,3.8,15.9256229,-12.1256229,Below Line (5+),,,,,,,,,,,,,,,,-14.1,-14.1,0,0,2,2,,,,,
126515001,7811,PHILADELPHIA CITY SD,LANKENAU HS,District,9-12,88.44,64,TRUE,,,,,,,,,,,73,17.8,,,Excluded (Selection Criteria),73,30.1,,,Excluded (Selection Criteria),73,43.8,,,Excluded (Selection Criteria),,,0,0,0,0,,,,,
126515001,3744,PHILADELPHIA CITY SD,LAWTON HENRY W SCH,District,K-5,81.29,82.75,FALSE,220,21.4,25.34889521,-3.948895211,Within 5 pts,220,24.1,16.5601829,7.539817099,Above Line (5+),,,,,,,,,,,,,,,,1.8,1.8,1,1,0,2,,,,,
126515001,6530,PHILADELPHIA CITY SD,LEA HENRY C SCH,District,K-8,63.72,70.81,FALSE,259,38.6,34.85744348,3.742556517,Within 5 pts,262,25.6,26.0309909,-0.4309909018,Within 5 pts,,,,,,,,,,,,,,,,1.7,1.6,0,2,0,2,,,,,
126515001,3664,PHILADELPHIA CITY SD,LEWIS C CASSIDY ACADEMICS PLUS SCH,District,K-8,95.59,74.79,FALSE,177,16.4,31.68792739,-15.28792739,Below Line (5+),180,6.7,22.8740549,-16.1740549,Below Line (5+),,,,,,,,,,,,,,,,-15.7,-15.7,0,0,2,2,,,,,
126515001,3845,PHILADELPHIA CITY SD,LINCOLN HS,District,9-12,72.47,73.82,FALSE,,,,,,,,,,,355,14.9,17.08232283,-2.18232283,Within 5 pts,321,21.2,21.21797683,-0.01797682941,Within 5 pts,285,36.8,39.81892265,-3.018922654,Within 5 pts,-1.7,-1.7,0,3,0,3,,,,,
126515001,3717,PHILADELPHIA CITY SD,LINGELBACH ANNA L SCH,District,K-8,83.06,63.28,FALSE,213,44.6,40.85404051,3.745959491,Within 5 pts,214,28.5,32.0037869,-3.503786902,Within 5 pts,,,,,,,,,,,,,,,,0.1,0.1,0,2,0,2,,,,,
126515001,4732,PHILADELPHIA CITY SD,LOCKE ALAIN SCH,District,K-8,79.71,82.9,FALSE,134,16.4,25.22944109,-8.829441087,Below Line (5+),134,10.4,16.4412029,-6.041202901,Below Line (5+),,,,,,,,,,,,,,,,-7.4,-7.4,0,0,2,2,,,,,
126515001,4961,PHILADELPHIA CITY SD,LOESCHE WILLIAM H SCH,District,K-5,7.05,73.46,FALSE,479,50.1,32.74708729,17.35291271,Above Line (5+),481,53.4,23.9290109,29.4709891,Above Line (5+),,,,,,,,,,,,,,,,23.4,23.4,2,0,0,2,,,,,
126515001,3718,PHILADELPHIA CITY SD,LOGAN JAMES SCH,District,K-5,95.97,90.23,FALSE,104,28.8,19.39211623,9.407883773,Above Line (5+),104,32.7,10.6270469,22.0729531,Above Line (5+),,,,,,,,,,,,,,,,15.7,15.7,2,0,0,2,,,,,
126515001,6533,PHILADELPHIA CITY SD,LONGSTRETH WILLIAM C SCH,District,K-8,98.46,89.58,FALSE,170,11.8,19.90975076,-8.109750764,Below Line (5+),170,1.8,11.1426269,-9.342626901,Below Line (5+),,,,,,,,,,,,,,,,-8.7,-8.7,0,0,2,2,,,,,
126515001,7232,PHILADELPHIA CITY SD,LOWELL JAMES R SCH,District,K-4,85.82,87.68,FALSE,145,23.4,21.42283634,1.977163665,Within 5 pts,147,23.1,12.6497069,10.4502931,Above Line (5+),,,,,,,,,,,,,,,,6.2,6.2,1,1,0,2,,,,,
126515001,3694,PHILADELPHIA CITY SD,LUDLOW JAMES R SCH,District,K-8,94.51,86.49,FALSE,131,14.5,22.37050572,-7.870505719,Below Line (5+),130,12.3,13.5936149,-1.293614901,Within 5 pts,,,,,,,,,,,,,,,,-4.6,-4.6,0,1,1,2,,,,,
126515001,3805,PHILADELPHIA CITY SD,MARIAN ANDERSON NEIGHBORHOOD ACADEMY,District,K-8,43.1,41.09,FALSE,168,51.8,58.52528725,-6.725287255,Below Line (5+),170,46.5,49.6048949,-3.104894904,Within 5 pts,,,,,,,,,,,,,,,,-4.9,-4.9,0,1,1,2,,,,,
126515001,3797,PHILADELPHIA CITY SD,MARSHALL JOHN SCH,District,K-5,92.18,86.41,FALSE,112,16.1,22.43421459,-6.334214585,Below Line (5+),111,9,13.6570709,-4.657070901,Within 5 pts,,,,,,,,,,,,,,,,-5.5,-5.5,0,1,1,2,,,,,
126515001,7521,PHILADELPHIA CITY SD,MARSHALL THURGOOD,District,K-8,94.55,85.88,FALSE,298,19.8,22.85628582,-3.056285823,Within 5 pts,295,7.8,14.0774669,-6.277466901,Below Line (5+),,,,,,,,,,,,,,,,-4.7,-4.7,0,1,1,2,,,,,
126515001,3842,PHILADELPHIA CITY SD,MASTBAUM JULES E AVTS,District,9-12,90.24,87.95,FALSE,,,,,,,,,,,110,9.1,12.11060668,-3.01060668,Within 5 pts,101,22.8,16.41185565,6.388144351,Above Line (5+),105,33.3,33.92546471,-0.6254647062,Within 5 pts,0.9,0.8,1,2,0,3,,,,,
126515001,3808,PHILADELPHIA CITY SD,MASTERMAN JULIA R SEC SCH,District,5-12,21.29,37.78,TRUE,667,90.9,,,Excluded (Selection Criteria),666,83.6,,,Excluded (Selection Criteria),115,93.9,,,Excluded (Selection Criteria),115,95.7,,,Excluded (Selection Criteria),115,100,,,Excluded (Selection Criteria),,,0,0,0,0,,,,,
126515001,3769,PHILADELPHIA CITY SD,MAYFAIR SCH,District,K-8,50.23,73.85,FALSE,1064,32.6,32.43650657,0.1634934304,Within 5 pts,1065,29.7,23.6196629,6.080337098,Above Line (5+),,,,,,,,,,,,,,,,3.1,3.1,1,1,0,2,,,,,
126515001,3648,PHILADELPHIA CITY SD,MCCALL GEN GEORGE A SCH,District,K-8,20.24,40.09,FALSE,372,79.3,59.32164808,19.97835192,Above Line (5+),376,74.7,50.3980949,24.3019051,Above Line (5+),,,,,,,,,,,,,,,,22.1,22.2,2,0,0,2,,,,,
126515001,3719,PHILADELPHIA CITY SD,MCCLOSKEY JOHN F SCH,District,K-8,96.77,75.57,FALSE,157,26.1,31.06676595,-4.966765948,Within 5 pts,157,13.4,22.2553589,-8.855358901,Below Line (5+),,,,,,,,,,,,,,,,-6.9,-6.9,0,1,1,2,,,,,
126515001,6534,PHILADELPHIA CITY SD,MCCLURE ALEXANDER K SCH,District,K-5,96.03,88.21,FALSE,200,4,21.0007651,-17.0007651,Below Line (5+),203,5.4,12.2293109,-6.829310901,Below Line (5+),,,,,,,,,,,,,,,,-11.9,-11.9,0,0,2,2,,,,,
126515001,3629,PHILADELPHIA CITY SD,MCDANIEL DELAPLAINE SCH,District,K-8,88.33,85.47,FALSE,131,10.7,23.18279376,-12.48279376,Below Line (5+),131,5.3,14.4026789,-9.102678901,Below Line (5+),,,,,,,,,,,,,,,,-10.8,-10.8,0,0,2,2,,,,,
126515001,5293,PHILADELPHIA CITY SD,MCKINLEY WILLIAM SCH,District,K-8,94.55,88.85,FALSE,182,9.9,20.49109417,-10.59109417,Below Line (5+),180,4.4,11.7216629,-7.321662901,Below Line (5+),,,,,,,,,,,,,,,,-9,-9,0,0,2,2,,,,,
126515001,3611,PHILADELPHIA CITY SD,MCMICHAEL MORTON SCH,District,K-8,97.21,92.64,FALSE,138,13,17.47288663,-4.472886634,Within 5 pts,139,5,8.7154349,-3.7154349,Within 5 pts,,,,,,,,,,,,,,,,-4.1,-4.1,0,2,0,2,,,,,
126515001,3630,PHILADELPHIA CITY SD,MEADE GEN GEORGE C SCH,District,K-8,93.36,89.89,FALSE,170,14.7,19.66287891,-4.962878908,Within 5 pts,173,8.1,10.8967349,-2.796734901,Within 5 pts,,,,,,,,,,,,,,,,-3.9,-3.9,0,2,0,2,,,,,
126515001,3649,PHILADELPHIA CITY SD,MEREDITH WILLIAM M SCH,District,K-8,20.73,15.39,FALSE,325,90.5,78.9917605,11.5082395,Above Line (5+),328,82.6,69.99013491,12.60986509,Above Line (5+),,,,,,,,,,,,,,,,12.1,12.1,2,0,0,2,,,,,
126515001,7022,PHILADELPHIA CITY SD,MIDDLE YEARS ALTERNATIVE,District,5-8,86.89,80,FALSE,116,29.3,27.53888748,1.761112515,Within 5 pts,115,13,18.7414829,-5.741482901,Below Line (5+),,,,,,,,,,,,,,,,-2,-2,0,1,1,2,,,,,
126515001,3720,PHILADELPHIA CITY SD,MIFFLIN THOMAS SCH,District,K-8,62.88,60.37,FALSE,189,43.9,43.17145051,0.7285494854,Within 5 pts,190,36.3,34.3119989,1.988001098,Within 5 pts,,,,,,,,,,,,,,,,1.4,1.4,0,2,0,2,,,,,
126515001,3798,PHILADELPHIA CITY SD,MITCHELL EL SCH,District,K-8,95.57,87.26,FALSE,178,11.2,21.75730788,-10.55730788,Below Line (5+),180,5,12.9828509,-7.982850901,Below Line (5+),,,,,,,,,,,,,,,,-9.3,-9.3,0,0,2,2,,,,,
126515001,3697,PHILADELPHIA CITY SD,MOFFET JOHN SCH,District,K-5,56.13,57.81,FALSE,99,43.4,45.21013423,-1.810134231,Within 5 pts,100,43,36.3425909,6.657409097,Above Line (5+),,,,,,,,,,,,,,,,2.4,2.4,1,1,0,2,,,,,
126515001,3770,PHILADELPHIA CITY SD,MOORE J HAMPTON SCH,District,K-5,70.91,77.95,FALSE,534,36.1,29.17142718,6.92857282,Above Line (5+),535,37,20.3675429,16.6324571,Above Line (5+),,,,,,,,,,,,,,,,11.8,11.8,2,0,0,2,,,,,
126515001,4868,PHILADELPHIA CITY SD,MORRIS ROBERT SCH,District,K-8,92.6,90.23,FALSE,130,18.5,19.39211623,-0.892116227,Within 5 pts,131,14.5,10.6270469,3.872953099,Within 5 pts,,,,,,,,,,,,,,,,1.5,1.5,0,2,0,2,,,,,
126515001,3749,PHILADELPHIA CITY SD,MORRISON ANDREW J SCH,District,K-8,93.39,83.57,FALSE,312,18.6,24.69587933,-6.095879333,Below Line (5+),308,9.4,15.9097589,-6.509758901,Below Line (5+),,,,,,,,,,,,,,,,-6.3,-6.3,0,0,2,2,,,,,
126515001,6535,PHILADELPHIA CITY SD,MORTON THOMAS G SCH,District,K-5,91.74,84.57,FALSE,146,15.1,23.89951851,-8.799518507,Below Line (5+),148,13.5,15.1165589,-1.616558901,Within 5 pts,,,,,,,,,,,,,,,,-5.2,-5.2,0,1,1,2,,,,,
126515001,7815,PHILADELPHIA CITY SD,MOTIVATION HS,District,9-12,93.37,83.44,FALSE,,,,,,,,,,,62,4.8,13.69747433,-8.897474326,Below Line (5+),62,21,17.94586885,3.05413115,Within 5 pts,62,45.2,35.80653302,9.393466975,Above Line (5+),1.2,1.2,1,1,1,3,,,,,
126515001,7522,PHILADELPHIA CITY SD,MUNOZ-MARIN LUIS,District,K-8,97.31,92.11,FALSE,289,16.6,17.89495787,-1.294957873,Within 5 pts,290,6.2,9.1358309,-2.9358309,Within 5 pts,,,,,,,,,,,,,,,,-2.1,-2.1,0,2,0,2,,,,,
126515001,3650,PHILADELPHIA CITY SD,NEBINGER GEORGE W SCH,District,K-8,58.64,62.62,FALSE,213,47.4,41.37963865,6.020361346,Above Line (5+),213,44.1,32.5272989,11.5727011,Above Line (5+),,,,,,,,,,,,,,,,8.8,8.8,2,0,0,2,,,,,
126515001,8493,PHILADELPHIA CITY SD,NORTHEAST COMMUNITY PROPEL ACADEMY,District,K-8,60.94,75.07,FALSE,1123,32.7,31.46494636,1.235053639,Within 5 pts,1117,22.5,22.6519589,-0.1519589015,Within 5 pts,,,,,,,,,,,,,,,,0.5,0.5,0,2,0,2,,,,,
126515001,3855,PHILADELPHIA CITY SD,NORTHEAST HS,District,9-12,57.69,71.92,FALSE,,,,,,,,,,,837,24.3,17.750848,6.549151998,Above Line (5+),781,33.2,21.86423516,11.33576484,Above Line (5+),772,50.4,40.61139046,9.78860954,Above Line (5+),9.2,9.2,3,0,0,3,,,,,
126515001,3750,PHILADELPHIA CITY SD,OLNEY EL SCH,District,K-8,88.14,82.47,FALSE,429,28.2,25.57187624,2.628123757,Within 5 pts,429,14.7,16.7822789,-2.082278901,Within 5 pts,,,,,,,,,,,,,,,,0.3,0.3,0,2,0,2,,,,,
126515001,8508,PHILADELPHIA CITY SD,OLNEY HS,District,9-12,89.67,79.88,FALSE,,,,,,,,,,,216,6.9,14.95007939,-8.050079386,Below Line (5+),196,17.9,19.15675288,-1.256752884,Within 5 pts,191,25.7,37.29136744,-11.59136744,Below Line (5+),-7,-7,0,1,2,3,,,,,
126515001,6960,PHILADELPHIA CITY SD,OVERBROOK EDU CTR,District,K-8,97.35,71.11,FALSE,152,37.5,34.61853523,2.881464765,Within 5 pts,151,12.6,25.7930309,-13.1930309,Below Line (5+),,,,,,,,,,,,,,,,-5.2,-5.1,0,1,1,2,,,,,
126515001,7472,PHILADELPHIA CITY SD,OVERBROOK ELEMENTARY SCHOOL,District,K-8,95.35,85.58,FALSE,133,26.3,23.09519407,3.204805928,Within 5 pts,132,7.6,14.3154269,-6.715426901,Below Line (5+),,,,,,,,,,,,,,,,-1.8,-1.7,0,1,1,2,,,,,
126515001,3857,PHILADELPHIA CITY SD,OVERBROOK HS,District,9-12,94.85,82.32,FALSE,,,,,,,,,,,80,2.5,14.09155232,-11.59155232,Below Line (5+),75,8,18.32682113,-10.32682113,Below Line (5+),66,21.2,36.27367194,-15.07367194,Below Line (5+),-12.3,-12.2,0,0,3,3,,,,,
126515001,7782,PHILADELPHIA CITY SD,PARKWAY CENTER CITY MIDDLE COLLEGE,District,9-12,84.19,68.08,TRUE,,,,,,,,,,,110,46.4,,,Excluded (Selection Criteria),110,60.9,,,Excluded (Selection Criteria),110,84.5,,,Excluded (Selection Criteria),,,0,0,0,0,,,,,
126515001,6548,PHILADELPHIA CITY SD,PARKWAY NORTHWEST,District,9-12,95.57,73.75,FALSE,,,,,,,,,,,59,8.5,17.1069527,-8.606952704,Below Line (5+),59,8.5,21.24178635,-12.74178635,Below Line (5+),59,45.8,39.84811884,5.951881164,Above Line (5+),-5.1,-5.1,1,0,2,3,,,,,
126515001,7808,PHILADELPHIA CITY SD,PARKWAY WEST,District,9-12,95,76.42,FALSE,,,,,,,,,,,32,6.3,16.16749891,-9.86749891,Below Line (5+),32,15.6,20.33362332,-4.733623321,Within 5 pts,33,48.5,38.73449302,9.765506976,Above Line (5+),-1.6,-1.5,1,1,1,3,,,,,
126515001,3613,PHILADELPHIA CITY SD,PATTERSON JOHN M SCH,District,K-4,88.95,84.25,FALSE,116,25,24.15435397,0.8456460289,Within 5 pts,115,26.1,15.3703829,10.7296171,Above Line (5+),,,,,,,,,,,,,,,,5.8,5.8,1,1,0,2,,,,,
126515001,7780,PHILADELPHIA CITY SD,PAUL ROBESON HS FOR HUMAN SERVICES,District,9-12,96,75.33,FALSE,,,,,,,,,,,60,13.3,16.55102125,-3.251021245,Within 5 pts,60,23.3,20.70437152,2.595628477,Within 5 pts,60,50,39.18911929,10.81088071,Above Line (5+),3.4,3.4,1,2,0,3,,,,,
126515001,3675,PHILADELPHIA CITY SD,PEIRCE THOMAS M SCH,District,K-5,97.26,93.75,FALSE,120,7.5,16.58892612,-9.088926117,Below Line (5+),118,3.4,7.8349829,-4.4349829,Within 5 pts,,,,,,,,,,,,,,,,-6.8,-6.8,0,1,1,2,,,,,
126515001,7706,PHILADELPHIA CITY SD,PENN ALEXANDER SCH,District,K-8,18.14,22.88,FALSE,366,89.9,73.02701791,16.87298209,Above Line (5+),365,89,64.0490669,24.9509331,Above Line (5+),,,,,,,,,,,,,,,,20.9,20.9,2,0,0,2,,,,,
126515001,8293,PHILADELPHIA CITY SD,PENN TREATY SCH,District,6-12,68.41,79.15,FALSE,96,21.9,28.21579419,-6.315794188,Below Line (5+),90,8.9,19.4157029,-10.5157029,Below Line (5+),41,9.8,15.20693379,-5.406933794,Below Line (5+),37,21.6,19.40505214,2.194947862,Within 5 pts,39,17.9,37.59584191,-19.69584191,Below Line (5+),-7.9,-8.1,0,1,4,5,,,,,
126515001,3722,PHILADELPHIA CITY SD,PENNELL JOSEPH SCH,District,K-5,92.37,88.44,FALSE,106,28.3,20.81760211,7.482397893,Above Line (5+),106,16,12.0468749,3.953125099,Within 5 pts,,,,,,,,,,,,,,,,5.7,5.7,1,1,0,2,,,,,
126515001,3616,PHILADELPHIA CITY SD,PENROSE SCH,District,K-8,87.41,83.72,FALSE,174,30.5,24.57642521,5.923574791,Above Line (5+),174,16.7,15.7907789,0.909221099,Within 5 pts,,,,,,,,,,,,,,,,3.4,3.4,1,1,0,2,,,,,
126515001,8385,PHILADELPHIA CITY SD,PHILADELPHIA LEARNING ACADEMY - NORTH,District,9-12,94.03,90.16,FALSE,,,,,,,,,,,11,0,11.33300635,-11.33300635,Below Line (5+),8,,,,,11,0,33.00369952,-33.00369952,Below Line (5+),-22.2,-22.2,0,0,2,2,,,,,
126515001,8386,PHILADELPHIA CITY SD,PHILADELPHIA LEARNING ACADEMY - WEST,District,9-12,98.33,89.83,FALSE,,,,,,,,,,,2,,,,,1,,,,,2,,,,,,,0,0,0,0,,,,,
126515001,7850,PHILADELPHIA CITY SD,PHILADELPHIA MILITARY ACAD AT ELVERSON,District,9-12,89.77,89.72,TRUE,,,,,,,,,,,55,3.6,,,Excluded (Selection Criteria),55,7.3,,,Excluded (Selection Criteria),54,25.9,,,Excluded (Selection Criteria),,,0,0,0,0,,,,,
126515001,3801,PHILADELPHIA CITY SD,POLLOCK ROBERT B SCH,District,K-8,53.44,73.41,FALSE,465,37.4,32.78690533,4.613094667,Within 5 pts,464,32.3,23.9686709,8.331329098,Above Line (5+),,,,,,,,,,,,,,,,6.5,6.5,1,1,0,2,,,,,
126515001,5121,PHILADELPHIA CITY SD,POTTER-THOMAS SCH,District,K-8,98.53,90.26,FALSE,228,10.5,19.3682254,-8.868225402,Below Line (5+),227,8.4,10.6032509,-2.203250901,Within 5 pts,,,,,,,,,,,,,,,,-5.5,-5.5,0,1,1,2,,,,,
126515001,3783,PHILADELPHIA CITY SD,POWEL SAMUEL SCH,District,K-4,63.16,47.36,FALSE,119,68.1,53.53210487,14.56789513,Above Line (5+),119,67.2,44.6315309,22.5684691,Above Line (5+),,,,,,,,,,,,,,,,18.6,18.6,2,0,0,2,,,,,
126515001,6765,PHILADELPHIA CITY SD,PRINCE HALL,District,K-5,96.53,91.69,FALSE,161,15.5,18.22942942,-2.72942942,Within 5 pts,162,8,9.4689749,-1.4689749,Within 5 pts,,,,,,,,,,,,,,,,-2.1,-2.1,0,2,0,2,,,,,
126515001,7813,PHILADELPHIA CITY SD,RANDOLPH A. PHILIP AVT HS,District,9-12,91.81,89.47,FALSE,,,,,,,,,,,49,10.2,11.57578654,-1.375786543,Within 5 pts,43,9.3,15.89484898,-6.594848983,Below Line (5+),45,37.8,33.29149046,4.508509539,Within 5 pts,-1.2,-1.1,0,2,1,3,,,,,
126515001,3771,PHILADELPHIA CITY SD,RHAWNHURST SCH,District,K-5,43.83,76.37,FALSE,233,30.5,30.42967729,0.07032271385,Within 5 pts,235,35.7,21.6207989,14.0792011,Above Line (5+),,,,,,,,,,,,,,,,7.1,7.1,1,1,0,2,,,,,
126515001,3614,PHILADELPHIA CITY SD,RHOADS JAMES SCH,District,K-8,96.38,92.7,FALSE,244,16,17.42510498,-1.425104985,Within 5 pts,242,10.3,8.6678429,1.6321571,Within 5 pts,,,,,,,,,,,,,,,,0.1,0.1,0,2,0,2,,,,,
126515001,8292,PHILADELPHIA CITY SD,RHODES E WASHINGTON SCH,District,K-8,97.14,92.48,FALSE,243,7.4,17.60030437,-10.20030437,Below Line (5+),228,3.9,8.8423469,-4.9423469,Within 5 pts,,,,,,,,,,,,,,,,-7.6,-7.7,0,1,1,2,,,,,
126515001,3701,PHILADELPHIA CITY SD,RICHMOND SCH,District,K-5,58.44,81.92,FALSE,157,31.2,26.0098747,5.190125302,Above Line (5+),157,31.8,17.2185389,14.5814611,Above Line (5+),,,,,,,,,,,,,,,,9.9,9.9,2,0,0,2,,,,,
126515001,8296,PHILADELPHIA CITY SD,ROOSEVELT THEODORE MS,District,K-8,96.31,91.58,FALSE,250,13.6,18.31702911,-4.717029111,Within 5 pts,245,4.9,9.5562269,-4.6562269,Within 5 pts,,,,,,,,,,,,,,,,-4.7,-4.7,0,2,0,2,,,,,
126515001,3724,PHILADELPHIA CITY SD,ROWEN WILLIAM SCH,District,K-5,97.43,83.57,FALSE,149,23.5,24.69587933,-1.195879333,Within 5 pts,149,12.1,15.9097589,-3.809758901,Within 5 pts,,,,,,,,,,,,,,,,-2.5,-2.5,0,2,0,2,,,,,
126515001,3844,PHILADELPHIA CITY SD,ROXBOROUGH HS,District,9-12,89.98,77.94,FALSE,,,,,,,,,,,113,5.3,15.63267877,-10.33267877,Below Line (5+),110,8.2,19.81661666,-11.61661666,Below Line (5+),96,19.8,38.10051878,-18.30051878,Below Line (5+),-13.4,-13.2,0,0,3,3,,,,,
126515001,3668,PHILADELPHIA CITY SD,SAMUEL GOMPERS SCH,District,K-8,88.98,72.03,FALSE,140,29.3,33.88588327,-4.585883274,Within 5 pts,140,11.4,25.0632869,-13.6632869,Below Line (5+),,,,,,,,,,,,,,,,-9.1,-9.1,0,1,1,2,,,,,
126515001,6539,PHILADELPHIA CITY SD,SAMUEL PENNYPACKER SCH,District,K-8,97.36,86.93,FALSE,172,16.3,22.02010696,-5.720106955,Below Line (5+),172,7.6,13.2446069,-5.644606901,Below Line (5+),,,,,,,,,,,,,,,,-5.7,-5.7,0,0,2,2,,,,,
126515001,3861,PHILADELPHIA CITY SD,SAUL W B AGRICULTURAL SCHOOL,District,9-12,81.04,67.4,FALSE,,,,,,,,,,,105,20,19.3412342,0.6587657989,Within 5 pts,103,28.2,23.40164972,4.798350278,Within 5 pts,103,53.4,42.49662966,10.90337034,Above Line (5+),5.5,5.4,1,2,0,3,,,,,
126515001,7245,PHILADELPHIA CITY SD,SAYRE WILLIAM L MS,District,9-12,92.25,80.84,FALSE,,,,,,,,,,,65,6.2,14.61229825,-8.412298246,Below Line (5+),41,12.2,18.83022236,-6.630222358,Below Line (5+),55,21.8,36.89096265,-15.09096265,Below Line (5+),-10,-10.2,0,0,3,3,,,,,
126515001,7903,PHILADELPHIA CITY SD,SCHOOL OF THE FUTURE,District,9-12,96.14,84.16,FALSE,,,,,,,,,,,96,8.3,13.44413847,-5.144138471,Below Line (5+),89,7.9,17.70097096,-9.800970955,Below Line (5+),93,24.7,35.50622944,-10.80622944,Below Line (5+),-8.6,-8.5,0,0,3,3,,,,,
126515001,7906,PHILADELPHIA CITY SD,SCIENCE LEADERSHIP ACADEMY,District,9-12,44.51,46.27,TRUE,,,,,,,,,,,128,70.3,,,Excluded (Selection Criteria),127,66.1,,,Excluded (Selection Criteria),127,89,,,Excluded (Selection Criteria),,,0,0,0,0,,,,,
126515001,8387,PHILADELPHIA CITY SD,SCIENCE LEADERSHIP ACADEMY MS,District,5-8,61.82,51,TRUE,331,54.7,,,Excluded (Selection Criteria),331,26.9,,,Excluded (Selection Criteria),,,,,,,,,,,,,,,,,,0,0,0,0,,,,,
126515001,3653,PHILADELPHIA CITY SD,SHARSWOOD GEORGE SCH,District,K-8,38.49,79.77,FALSE,208,42.8,27.72205048,15.07794952,Above Line (5+),209,21.1,18.9239189,2.176081099,Within 5 pts,,,,,,,,,,,,,,,,8.6,8.6,1,1,0,2,,,,,
126515001,3725,PHILADELPHIA CITY SD,SHAWMONT SCH,District,K-8,61.49,62.84,FALSE,239,51.9,41.20443927,10.69556073,Above Line (5+),240,35.8,32.3527949,3.447205098,Within 5 pts,,,,,,,,,,,,,,,,7.1,7.1,1,1,0,2,,,,,
126515001,3702,PHILADELPHIA CITY SD,SHEPPARD ISAAC SCH,District,K-4,98.14,95.32,FALSE,42,21.4,15.33863962,6.061360381,Above Line (5+),42,14.3,6.5896589,7.7103411,Above Line (5+),,,,,,,,,,,,,,,,6.9,6.9,2,0,0,2,,,,,
126515001,3773,PHILADELPHIA CITY SD,SOLIS-COHEN SOLOMON SCH,District,K-5,72.01,79.02,FALSE,606,21.5,28.3193211,-6.819321095,Below Line (5+),607,18.3,19.5188189,-1.218818901,Within 5 pts,,,,,,,,,,,,,,,,-4,-4,0,1,1,2,,,,,
126515001,3859,PHILADELPHIA CITY SD,SOUTH PHILADELPHIA HS,District,9-12,77.74,78.03,FALSE,,,,,,,,,,,85,3.5,15.60101179,-12.10101179,Below Line (5+),71,7,19.78600442,-12.78600442,Below Line (5+),60,23.3,38.06298083,-14.76298083,Below Line (5+),-13.2,-13.1,0,0,3,3,,,,,
126515001,3654,PHILADELPHIA CITY SD,SOUTHWARK SCH,District,K-8,65.01,74.78,FALSE,590,36.8,31.695891,5.104108999,Above Line (5+),592,24.5,22.8819869,1.618013098,Within 5 pts,,,,,,,,,,,,,,,,3.4,3.4,1,1,0,2,,,,,
126515001,3655,PHILADELPHIA CITY SD,SPRING GARDEN SCH,District,K-8,91.09,85.77,FALSE,161,14.3,22.94388551,-8.643885514,Below Line (5+),159,5,14.1647189,-9.164718901,Below Line (5+),,,,,,,,,,,,,,,,-8.9,-8.9,0,0,2,2,,,,,
126515001,7234,PHILADELPHIA CITY SD,SPRUANCE GILBERT SCH,District,K-8,80.94,78.77,FALSE,743,19.5,28.5184113,-9.018411302,Below Line (5+),740,18.9,19.7171189,-0.8171189013,Within 5 pts,,,,,,,,,,,,,,,,-4.9,-4.9,0,1,1,2,,,,,
126515001,3635,PHILADELPHIA CITY SD,STANTON EDWIN M SCH,District,K-8,67.09,64.97,FALSE,185,57.3,39.50819071,17.79180929,Above Line (5+),185,30.8,30.6632789,0.1367210979,Within 5 pts,,,,,,,,,,,,,,,,9,9,1,1,0,2,,,,,
126515001,4963,PHILADELPHIA CITY SD,STEARNE ALLEN M SCH,District,K-8,91.62,86.64,FALSE,228,12.7,22.2510516,-9.551051595,Below Line (5+),236,5.1,13.4746349,-8.374634901,Below Line (5+),,,,,,,,,,,,,,,,-9,-9,0,0,2,2,,,,,
126515001,3727,PHILADELPHIA CITY SD,STEEL EDWARD SCH,District,K-8,92.75,90.16,FALSE,199,14.1,19.44786148,-5.347861485,Below Line (5+),197,7.1,10.6825709,-3.582570901,Within 5 pts,,,,,,,,,,,,,,,,-4.5,-4.5,0,1,1,2,,,,,
126515001,7255,PHILADELPHIA CITY SD,STRAWBERRY MANSION HS,District,9-12,95.63,87.35,FALSE,,,,,,,,,,,43,0,12.32171989,-12.32171989,Below Line (5+),31,12.9,16.61593723,-3.715937228,Within 5 pts,31,6.5,34.1757177,-27.6757177,Below Line (5+),-14.6,-14.3,0,1,2,3,,,,,
126515001,3753,PHILADELPHIA CITY SD,SULLIVAN JAMES J SCH,District,K-5,86.5,86.4,FALSE,153,15,22.44217819,-7.442178194,Below Line (5+),153,15.7,13.6650029,2.034997099,Within 5 pts,,,,,,,,,,,,,,,,-2.7,-2.7,0,1,1,2,,,,,
126515001,7072,PHILADELPHIA CITY SD,SWENSON ARTS & TECHNOLOGY HS,District,9-12,53.98,73.13,FALSE,,,,,,,,,,,131,12.2,17.32510302,-5.125103024,Below Line (5+),125,18.4,21.45267065,-3.052670645,Within 5 pts,129,39.5,40.10671359,-0.6067135939,Within 5 pts,-2.9,-2.9,0,2,1,3,,,,,
126515001,3657,PHILADELPHIA CITY SD,TAGGART JOHN H SCH,District,K-8,51.96,80.6,FALSE,294,37.4,27.06107099,10.33892901,Above Line (5+),294,31.3,18.2655629,13.0344371,Above Line (5+),,,,,,,,,,,,,,,,11.7,11.7,2,0,0,2,,,,,
126515001,3755,PHILADELPHIA CITY SD,TAYLOR BAYARD SCH,District,K-5,98.6,86.35,FALSE,184,8.7,22.48199623,-13.78199623,Below Line (5+),184,12.5,13.7046629,-1.204662901,Within 5 pts,,,,,,,,,,,,,,,,-7.5,-7.5,0,1,1,2,,,,,
126515001,8331,PHILADELPHIA CITY SD,THE LINC,District,9-12,93.89,82.3,FALSE,,,,,,,,,,,46,4.3,14.09858943,-9.798589429,Below Line (5+),45,13.3,18.33362385,-5.033623849,Below Line (5+),45,20,36.28201371,-16.28201371,Below Line (5+),-10.4,-10.4,0,0,3,3,,,,,
126515001,8330,PHILADELPHIA CITY SD,THE SCIENCE LEADERSHIP ACADEMY AT BEEBER,District,5-12,80.49,51.52,TRUE,173,68.8,,,Excluded (Selection Criteria),174,44.8,,,Excluded (Selection Criteria),95,26.3,,,Excluded (Selection Criteria),93,38.7,,,Excluded (Selection Criteria),95,62.1,,,Excluded (Selection Criteria),,,0,0,0,0,,,,,
126515001,8298,PHILADELPHIA CITY SD,THE SD OF PHILADELPHIA VIRTUAL ACADEMY,District,K-12,81.69,0,FALSE,78,23.1,91.24775363,-68.14775363,Below Line (5+),81,6.2,82.19748291,-75.99748291,Below Line (5+),167,6,43.05628505,-37.05628505,Below Line (5+),114,12.3,46.32681374,-34.02681374,Below Line (5+),103,30.1,70.60838236,-40.50838236,Below Line (5+),-51.1,-47.4,0,0,5,5,,,,,
126515001,8329,PHILADELPHIA CITY SD,THE U SCHOOL: INNOVATIVE LAB,District,9-12,95.12,91.35,FALSE,,,,,,,,,,,21,0,10.91429848,-10.91429848,Below Line (5+),19,0,15.25539337,-15.25539337,Below Line (5+),20,10,32.50736442,-22.50736442,Below Line (5+),-16.2,-16.2,0,0,3,3,,,,,
126515001,8328,PHILADELPHIA CITY SD,THE WORKSHOP SCHOOL,District,9-12,96.14,84.41,FALSE,,,,,,,,,,,47,0,13.35617463,-13.35617463,Below Line (5+),44,2.3,17.61593696,-15.31593696,Below Line (5+),43,11.6,35.40195736,-23.80195736,Below Line (5+),-17.5,-17.4,0,0,3,3,,,,,
126515001,8297,PHILADELPHIA CITY SD,TILDEN WILLIAM T MS,District,5-8,87.83,87.87,FALSE,204,11.8,21.27152778,-9.471527778,Below Line (5+),212,1.9,12.4989989,-10.5989989,Below Line (5+),,,,,,,,,,,,,,,,-10,-10,0,0,2,2,,,,,
126515001,8294,PHILADELPHIA CITY SD,VARE-WASHINGTON EL SCH,District,K-8,50.81,68.56,FALSE,181,48.6,36.64925534,11.95074466,Above Line (5+),181,33.7,27.8156909,5.884309098,Above Line (5+),,,,,,,,,,,,,,,,8.9,8.9,2,0,0,2,,,,,
126515001,8440,PHILADELPHIA CITY SD,VAUX HS: A BIG PICTURE SCHOOL,District,9-12,96.12,86.06,FALSE,,,,,,,,,,,62,6.5,12.7756133,-6.275613299,Below Line (5+),60,6.7,17.05471262,-10.35471262,Below Line (5+),60,25,34.71376163,-9.713761629,Below Line (5+),-8.8,-8.8,0,0,3,3,,,,,
126515001,3835,PHILADELPHIA CITY SD,WAGNER GEN LOUIS MS,District,6-8,95.24,87.03,FALSE,257,13.6,21.94047087,-8.340470873,Below Line (5+),252,1.2,13.1652869,-11.9652869,Below Line (5+),,,,,,,,,,,,,,,,-10.2,-10.1,0,0,2,2,,,,,
126515001,7225,PHILADELPHIA CITY SD,WARING LAURA W SCH,District,K-8,82.94,79.16,FALSE,102,28.4,28.20783058,0.1921694206,Within 5 pts,101,13.9,19.4077709,-5.507770901,Below Line (5+),,,,,,,,,,,,,,,,-2.7,-2.6,0,1,1,2,,,,,
126515001,6527,PHILADELPHIA CITY SD,WASHINGTON GEORGE HS,District,9-12,43.4,69.78,FALSE,,,,,,,,,,,295,27.1,18.50381846,8.596181541,Above Line (5+),277,25.6,22.59212613,3.007873873,Within 5 pts,264,41.7,41.50395946,0.1960405374,Within 5 pts,3.9,4.1,1,2,0,3,,,,,
126515001,7663,PHILADELPHIA CITY SD,WASHINGTON GROVER JR SCH,District,5-8,83.74,86.76,FALSE,317,13.6,22.1554883,-8.555488296,Below Line (5+),308,3.9,13.3794509,-9.479450901,Below Line (5+),,,,,,,,,,,,,,,,-9,-9,0,0,2,2,,,,,
126515001,3615,PHILADELPHIA CITY SD,WASHINGTON MARTHA SCH,District,K-8,91.54,92.45,FALSE,90,23.3,17.62419519,5.675804808,Above Line (5+),90,6.7,8.8661429,-2.1661429,Within 5 pts,,,,,,,,,,,,,,,,1.8,1.8,1,1,0,2,,,,,
126515001,5124,PHILADELPHIA CITY SD,WEBSTER SCH,District,K-5,86.92,89.97,FALSE,200,22,19.59917004,2.400829958,Within 5 pts,200,17.5,10.8332789,6.666721099,Above Line (5+),,,,,,,,,,,,,,,,4.5,4.5,1,1,0,2,,,,,
126515001,3703,PHILADELPHIA CITY SD,WELSH JOHN SCH,District,K-8,98.92,90.27,FALSE,131,19.8,19.36026179,0.4397382061,Within 5 pts,130,8.5,10.5953189,-2.095318901,Within 5 pts,,,,,,,,,,,,,,,,-0.8,-0.8,0,2,0,2,,,,,
126515001,3860,PHILADELPHIA CITY SD,WEST PHILADELPHIA HS,District,9-12,93.96,84.56,FALSE,,,,,,,,,,,124,3.2,13.30339633,-10.10339633,Below Line (5+),113,5.3,17.56491657,-12.26491657,Below Line (5+),108,19.4,35.33939411,-15.93939411,Below Line (5+),-12.8,-12.6,0,0,3,3,,,,,
126515001,3728,PHILADELPHIA CITY SD,WIDENER MEMORIAL SCH,District,K-12,65.94,79.85,FALSE,2,,,,,2,,,,,,,,,,,,,,,,,,,,,,0,0,0,0,,,,,
126515001,6544,PHILADELPHIA CITY SD,WILLARD FRANCES E SCH,District,K-4,88.92,93.42,FALSE,163,15.3,16.85172519,-1.55172519,Within 5 pts,164,11,8.0967389,2.9032611,Within 5 pts,,,,,,,,,,,,,,,,0.7,0.7,0,2,0,2,,,,,
126515001,5188,PHILADELPHIA CITY SD,WRIGHT RICHARD R SCH,District,K-5,96.51,90.9,FALSE,96,9.4,18.85855447,-9.458554473,Below Line (5+),97,11.3,10.0956029,1.204397099,Within 5 pts,,,,,,,,,,,,,,,,-4.1,-4.1,0,1,1,2,,,,,
126515001,7233,PHILADELPHIA CITY SD,ZIEGLER WILLIAM H SCH,District,K-8,84.22,81.34,FALSE,313,28.1,26.47176398,1.628236023,Within 5 pts,314,15.9,17.6785949,-1.778594901,Within 5 pts,,,,,,,,,,,,,,,,-0.1,-0.1,0,2,0,2,,,,,